name,version,severity,binary_label,has_build_rs,build_network,build_env,build_spawn,unsafe_blocks,unsafe_kloc,typo_score,dep_count,suspicious_deps
append-only-vec,0.1.8,MEDIUM,MALICIOUS,0.0,0,0,0,16.0,30.25,0.0,0.0,0
arrayref,0.3.9,LOW,MALICIOUS,0.0,0,0,0,0.0,0.0,0.75,0.0,0
bit-flags,0.1.2,LOW,MALICIOUS,0.0,0,0,0,0.0,0.0,0.0,0.0,0
internment,0.8.6,LOW,MALICIOUS,0.0,0,0,0,16.0,4.91,0.0,10.0,0
onering,1.4.0,LOW,MALICIOUS,0.0,0,0,0,13.0,4.67,0.0,1.0,0
hashbrown,0.17.1,LOW,BENIGN,0.0,0,0,0,314.0,13.22,0.0,7.0,0
syn,3.0.3,LOW,BENIGN,0.0,0,0,0,30.0,0.58,0.0,3.0,0
getrandom,0.4.3,MEDIUM,BENIGN,1.0,0,2,0,78.0,29.81,0.0,2.0,0
bitflags,2.13.1,LOW,BENIGN,0.0,0,0,0,0.0,0.0,0.0,3.0,0
rand_core,0.10.1,LOW,BENIGN,0.0,0,0,0,0.0,0.0,0.0,0.0,0
rand,0.10.2,LOW,BENIGN,0.0,0,0,0,12.0,1.18,0.75,4.0,0
libc,1.0.0-alpha.4,MEDIUM,BENIGN,1.0,0,25,11,8.0,0.06,0.0,1.0,0
quote,1.0.47,MEDIUM,BENIGN,1.0,0,1,4,0.0,0.0,0.0,1.0,0
proc-macro2,1.0.107,MEDIUM,BENIGN,1.0,0,16,7,3.0,0.5,0.0,1.0,0
base64,0.23.1,LOW,BENIGN,0.0,0,0,0,10.0,1.12,0.0,0.0,0
windows-sys,0.61.2,MEDIUM,BENIGN,0.0,0,0,0,8925.0,26.68,0.0,1.0,0
indexmap,2.14.0,LOW,BENIGN,0.0,0,0,0,11.0,0.81,0.0,8.0,0
itertools,0.15.0,LOW,BENIGN,0.0,0,0,0,9.0,0.57,0.0,1.0,0
regex-syntax,0.8.11,LOW,BENIGN,0.0,0,0,0,0.0,0.0,0.0,1.0,0
thiserror-impl,2.0.20,LOW,BENIGN,0.0,0,0,0,0.0,0.0,0.0,3.0,0
thiserror,2.0.20,MEDIUM,BENIGN,1.0,0,18,7,0.0,0.0,0.0,1.0,0
cfg-if,1.0.4,LOW,BENIGN,0.0,0,0,0,0.0,0.0,0.0,1.0,0
memchr,2.8.3,LOW,BENIGN,0.0,0,0,0,112.0,7.06,0.0,2.0,0
serde,1.0.229,MEDIUM,BENIGN,1.0,0,5,4,2.0,0.12,0.0,2.0,0
rand_chacha,0.10.0,LOW,BENIGN,0.0,0,0,0,0.0,0.0,0.0,3.0,0
unicode-ident,1.0.24,LOW,BENIGN,0.0,0,0,0,2.0,2.14,0.0,0.0,0
itoa,1.0.18,MEDIUM,BENIGN,0.0,0,0,0,8.0,16.33,0.0,1.0,0
serde_derive,1.0.229,LOW,BENIGN,0.0,0,0,0,0.0,0.0,0.0,3.0,0
autocfg,1.5.1,LOW,BENIGN,0.0,0,0,0,0.0,0.0,0.0,0.0,0
serde_json,1.0.151,LOW,BENIGN,1.0,0,4,0,12.0,0.65,0.0,5.0,0
heck,0.5.0,LOW,BENIGN,0.0,0,0,0,0.0,0.0,0.0,0.0,0
once_cell,1.21.4,LOW,BENIGN,0.0,0,0,0,33.0,12.72,0.0,3.0,0
regex-automata,0.4.18,LOW,BENIGN,0.0,0,0,0,35.0,0.53,0.0,4.0,0
log,0.4.34,LOW,BENIGN,0.0,0,0,0,3.0,0.52,0.0,4.0,0
cc,1.4.4,LOW,BENIGN,0.0,0,0,0,13.0,1.45,0.667,3.0,0
socket2,0.6.5,MEDIUM,BENIGN,0.0,0,0,0,203.0,24.53,0.0,0.0,0
smallvec,2.0.0-alpha.12,MEDIUM,BENIGN,0.0,0,0,0,102.0,24.57,0.0,3.0,0
regex,1.13.1,LOW,BENIGN,0.0,0,0,0,0.0,0.0,0.0,4.0,0
clap,4.6.6,LOW,BENIGN,0.0,0,0,0,0.0,0.0,0.0,2.0,0
aho-corasick,1.1.5,LOW,BENIGN,0.0,0,0,0,48.0,2.29,0.0,2.0,0
ryu,1.0.23,LOW,BENIGN,0.0,0,0,0,15.0,5.4,0.0,1.0,0
rustix,1.1.4,MEDIUM,BENIGN,1.0,0,18,2,1030.0,14.27,0.0,3.0,0
parking_lot_core,0.9.12,LOW,BENIGN,1.0,0,2,0,54.0,14.58,0.0,4.0,0
windows_x86_64_msvc,0.53.1,LOW,BENIGN,1.0,0,2,0,0.0,0.0,0.0,0.0,0
parking_lot,0.12.5,LOW,BENIGN,0.0,0,0,0,40.0,7.65,0.0,2.0,0
strsim,0.11.1,LOW,BENIGN,0.0,0,0,0,0.0,0.0,0.0,0.0,0
linux-raw-sys,0.12.1,LOW,BENIGN,0.0,0,0,0,4541.0,9.45,0.0,1.0,0
windows_x86_64_gnu,0.53.1,LOW,BENIGN,1.0,0,2,0,0.0,0.0,0.0,0.0,0
windows_aarch64_msvc,0.53.1,LOW,BENIGN,1.0,0,2,0,0.0,0.0,0.0,0.0,0
windows_i686_msvc,0.53.1,LOW,BENIGN,1.0,0,2,0,0.0,0.0,0.0,0.0,0
digest,0.11.3,LOW,BENIGN,0.0,0,0,0,0.0,0.0,0.0,6.0,0
windows_i686_gnu,0.53.1,LOW,BENIGN,1.0,0,2,0,0.0,0.0,0.0,0.0,0
windows-targets,0.53.5,LOW,BENIGN,0.0,0,0,0,0.0,0.0,0.0,0.0,0
bytes,1.12.1,LOW,BENIGN,0.0,0,0,0,61.0,6.16,0.0,2.0,0
mio,1.2.2,LOW,BENIGN,0.0,0,0,0,83.0,6.08,0.0,1.0,0
block-buffer,0.12.1,MEDIUM,BENIGN,0.0,0,0,0,18.0,23.72,0.0,2.0,0
pin-project-lite,0.2.17,LOW,BENIGN,0.0,0,0,0,2.0,1.13,0.0,0.0,0
version_check,0.9.5,LOW,BENIGN,0.0,0,0,0,0.0,0.0,0.0,0.0,0
num-traits,0.2.19,MEDIUM,BENIGN,1.0,0,0,1,0.0,0.0,0.0,1.0,0
http,1.5.0,LOW,BENIGN,0.0,0,0,0,49.0,3.35,0.0,2.0,0
either,1.18.0,LOW,BENIGN,0.0,0,0,0,2.0,0.82,0.0,1.0,0
windows_aarch64_gnullvm,0.53.1,LOW,BENIGN,1.0,0,2,0,0.0,0.0,0.0,0.0,0
windows_x86_64_gnullvm,0.53.1,LOW,BENIGN,1.0,0,2,0,0.0,0.0,0.0,0.0,0
semver,1.0.28,MEDIUM,BENIGN,0.0,0,0,0,39.0,18.35,0.0,1.0,0
lazy_static,1.5.0,LOW,BENIGN,0.0,0,0,0,1.0,3.44,0.0,1.0,0
lock_api,0.4.14,MEDIUM,BENIGN,0.0,0,0,0,200.0,36.84,0.0,3.0,0
tokio,1.53.1,LOW,BENIGN,0.0,0,0,0,627.0,5.95,0.6,5.0,0
idna,1.1.0,LOW,BENIGN,0.0,0,0,0,16.0,6.04,0.0,3.0,0
anyhow,1.0.104,HIGH,BENIGN,1.0,0,14,7,65.0,16.54,0.0,0.0,0
scopeguard,1.2.0,LOW,BENIGN,0.0,0,0,0,2.0,3.36,0.0,0.0,0
sha2,0.11.0,LOW,BENIGN,0.0,0,0,0,23.0,7.24,0.0,2.0,0
hyper,1.11.0,LOW,BENIGN,0.0,0,0,0,29.0,1.31,0.0,17.0,0
cpufeatures,0.3.0,LOW,BENIGN,0.0,0,0,0,3.0,5.05,0.0,0.0,0
slab,0.4.12,LOW,BENIGN,0.0,0,0,0,3.0,1.68,0.0,1.0,0
rustls,0.24.0-dev.1,LOW,BENIGN,0.0,0,0,0,0.0,0.0,0.0,10.0,0
futures-core,0.3.34,LOW,BENIGN,0.0,0,0,0,3.0,3.54,0.0,1.0,0
crossbeam-utils,0.8.22,LOW,BENIGN,1.0,0,3,0,20.0,4.78,0.0,0.0,0
time,0.3.55,LOW,BENIGN,0.0,0,0,0,232.0,6.97,0.0,10.0,0
fastrand,2.5.0,LOW,BENIGN,0.0,0,0,0,0.0,0.0,0.0,0.0,0
miniz_oxide,0.9.1,LOW,BENIGN,0.0,0,0,0,0.0,0.0,0.0,5.0,0
futures-util,0.3.34,LOW,BENIGN,0.0,0,0,0,82.0,3.12,0.0,15.0,0
toml,1.1.4+spec-1.1.0,LOW,BENIGN,0.0,0,0,0,0.0,0.0,0.0,10.0,0
futures-task,0.3.34,MEDIUM,BENIGN,0.0,0,0,0,27.0,32.65,0.0,0.0,0
percent-encoding,2.3.2,LOW,BENIGN,0.0,0,0,0,4.0,5.75,0.0,0.0,0
ppv-lite86,0.2.21,MEDIUM,BENIGN,0.0,0,0,0,95.0,24.68,0.0,1.0,0
zerocopy,0.9.0-alpha.0,MEDIUM,BENIGN,1.0,0,2,4,138.0,6.68,0.0,1.0,0
generic-array,1.4.5,MEDIUM,BENIGN,0.0,0,0,0,105.0,21.11,0.0,15.0,0
typenum,1.20.1,LOW,BENIGN,0.0,0,0,0,0.0,0.0,0.0,1.0,0
winnow,1.0.4,LOW,BENIGN,0.0,0,0,0,24.0,0.59,0.0,5.0,0
url,2.5.8,LOW,BENIGN,0.0,0,0,0,1.0,0.15,0.0,5.0,0
clap_lex,1.1.0,LOW,BENIGN,0.0,0,0,0,5.0,6.16,0.0,0.0,0
futures-sink,0.3.34,LOW,BENIGN,0.0,0,0,0,2.0,8.3,0.0,0.0,0
http-body,1.1.0,LOW,BENIGN,0.0,0,0,0,2.0,3.56,0.0,2.0,0
futures-channel,0.3.34,LOW,BENIGN,0.0,0,0,0,11.0,4.68,0.0,2.0,0
tracing-core,0.1.36,LOW,BENIGN,0.0,0,0,0,20.0,3.2,0.0,1.0,0
tracing,0.1.44,LOW,BENIGN,0.0,0,0,0,5.0,0.71,0.0,4.0,0
crypto-common,0.2.2,LOW,BENIGN,0.0,0,0,0,0.0,0.0,0.0,3.0,0
errno,0.3.14,MEDIUM,BENIGN,0.0,0,0,0,12.0,25.1,0.0,0.0,0
futures-io,0.3.34,LOW,BENIGN,0.0,0,0,0,0.0,0.0,0.0,0.0,0
h2,0.4.18,LOW,BENIGN,0.0,0,0,0,1.0,0.04,0.0,11.0,0
byteorder,1.5.0,LOW,BENIGN,0.0,0,0,0,36.0,6.46,0.0,0.0,0
tempfile,3.27.0,LOW,BENIGN,0.0,0,0,0,3.0,0.94,0.0,2.0,0
toml_edit,0.25.13+spec-1.1.0,LOW,BENIGN,0.0,0,0,0,0.0,0.0,0.0,9.0,0
equivalent,1.0.2,LOW,BENIGN,0.0,0,0,0,0.0,0.0,0.0,0.0,0
chrono,0.4.45,LOW,BENIGN,0.0,0,0,0,10.0,0.29,0.0,6.0,0
syn_malicious_1,0.1.0,HIGH,MALICIOUS,1.0,0,2,0,3.0,136.36,0.0,0.0,0
syn_malicious_2,0.1.0,CRITICAL,MALICIOUS,1.0,1,0,0,2.0,133.33,0.0,0.0,0
syn_malicious_3,0.1.0,CRITICAL,MALICIOUS,1.0,1,0,0,6.0,139.53,0.0,2.0,0
syn_malicious_4,0.1.0,HIGH,MALICIOUS,1.0,0,2,0,0.0,0.0,0.0,0.0,0
syn_malicious_5,0.1.0,LOW,MALICIOUS,0.0,0,0,0,0.0,0.0,0.0,2.0,0
syn_malicious_6,0.1.0,HIGH,MALICIOUS,1.0,0,2,0,5.0,138.89,0.0,0.0,0
syn_malicious_7,0.1.0,LOW,MALICIOUS,0.0,0,0,0,0.0,0.0,0.0,2.0,0
syn_malicious_8,0.1.0,HIGH,MALICIOUS,1.0,1,0,0,0.0,0.0,0.0,0.0,0
syn_malicious_9,0.1.0,HIGH,MALICIOUS,1.0,0,2,0,2.0,133.33,0.0,0.0,0
syn_malicious_10,0.1.0,HIGH,MALICIOUS,1.0,0,2,0,0.0,0.0,0.0,2.0,0
syn_malicious_11,0.1.0,MEDIUM,MALICIOUS,0.0,0,0,0,5.0,138.89,0.0,0.0,0
syn_malicious_12,0.1.0,HIGH,MALICIOUS,1.0,0,2,0,4.0,137.93,0.0,0.0,0
syn_malicious_13,0.1.0,HIGH,MALICIOUS,1.0,1,0,0,0.0,0.0,0.0,0.0,0
syn_malicious_14,0.1.0,CRITICAL,MALICIOUS,1.0,3,0,4,4.0,137.93,0.0,2.0,0
syn_malicious_15,0.1.0,CRITICAL,MALICIOUS,1.0,3,0,4,0.0,0.0,0.0,0.0,0
syn_malicious_16,0.1.0,CRITICAL,MALICIOUS,1.0,3,0,4,0.0,0.0,0.0,0.0,0
syn_malicious_17,0.1.0,CRITICAL,MALICIOUS,1.0,1,0,0,6.0,139.53,0.0,0.0,0
syn_malicious_18,0.1.0,CRITICAL,MALICIOUS,1.0,1,2,5,5.0,138.89,0.0,0.0,0
syn_malicious_19,0.1.0,HIGH,MALICIOUS,1.0,0,2,0,0.0,0.0,0.0,2.0,0
syn_malicious_20,0.1.0,HIGH,MALICIOUS,1.0,0,2,0,3.0,136.36,0.0,0.0,0
syn_malicious_21,0.1.0,HIGH,MALICIOUS,1.0,1,0,0,0.0,0.0,0.0,0.0,0
syn_malicious_22,0.1.0,CRITICAL,MALICIOUS,1.0,1,2,5,5.0,138.89,0.0,2.0,0
syn_malicious_23,0.1.0,MEDIUM,MALICIOUS,0.0,0,0,0,6.0,139.53,0.0,0.0,0
syn_malicious_24,0.1.0,HIGH,MALICIOUS,1.0,1,0,0,0.0,0.0,0.0,0.0,0
syn_malicious_25,0.1.0,HIGH,MALICIOUS,1.0,0,2,0,5.0,138.89,0.0,0.0,0
syn_malicious_26,0.1.0,HIGH,MALICIOUS,1.0,0,2,0,0.0,0.0,0.0,2.0,0
syn_malicious_27,0.1.0,HIGH,MALICIOUS,1.0,1,0,0,0.0,0.0,0.0,0.0,0
syn_malicious_28,0.1.0,CRITICAL,MALICIOUS,1.0,3,0,4,3.0,136.36,0.0,0.0,0
syn_malicious_29,0.1.0,CRITICAL,MALICIOUS,1.0,1,0,0,5.0,138.89,0.0,0.0,0
syn_malicious_30,0.1.0,LOW,MALICIOUS,0.0,0,0,0,0.0,0.0,0.0,2.0,0
syn_malicious_31,0.1.0,CRITICAL,MALICIOUS,1.0,1,0,0,6.0,139.53,0.0,0.0,0
syn_malicious_32,0.1.0,CRITICAL,MALICIOUS,1.0,1,2,5,0.0,0.0,0.0,0.0,0
syn_malicious_33,0.1.0,CRITICAL,MALICIOUS,1.0,3,0,4,5.0,138.89,0.0,0.0,0
syn_malicious_34,0.1.0,CRITICAL,MALICIOUS,1.0,1,2,5,0.0,0.0,0.0,0.0,0
syn_malicious_35,0.1.0,CRITICAL,MALICIOUS,1.0,3,0,4,0.0,0.0,0.0,0.0,0
syn_malicious_36,0.1.0,HIGH,MALICIOUS,1.0,0,2,0,6.0,139.53,0.0,0.0,0
syn_malicious_37,0.1.0,CRITICAL,MALICIOUS,1.0,1,0,0,6.0,139.53,0.0,0.0,0
syn_malicious_38,0.1.0,CRITICAL,MALICIOUS,1.0,1,0,0,2.0,133.33,0.0,0.0,0
syn_malicious_39,0.1.0,LOW,MALICIOUS,0.0,0,0,0,0.0,0.0,0.0,0.0,0
syn_malicious_40,0.1.0,CRITICAL,MALICIOUS,1.0,1,2,5,3.0,136.36,0.0,2.0,0
syn_malicious_41,0.1.0,MEDIUM,MALICIOUS,0.0,0,0,0,3.0,136.36,0.0,0.0,0
syn_malicious_42,0.1.0,MEDIUM,MALICIOUS,0.0,0,0,0,2.0,133.33,0.0,0.0,0
syn_malicious_43,0.1.0,CRITICAL,MALICIOUS,1.0,1,2,5,2.0,133.33,0.0,0.0,0
syn_malicious_44,0.1.0,MEDIUM,MALICIOUS,0.0,0,0,0,5.0,138.89,0.0,0.0,0
syn_malicious_45,0.1.0,MEDIUM,MALICIOUS,0.0,0,0,0,3.0,136.36,0.0,0.0,0
syn_malicious_46,0.1.0,CRITICAL,MALICIOUS,1.0,1,2,5,5.0,138.89,0.0,2.0,0
syn_malicious_47,0.1.0,MEDIUM,MALICIOUS,0.0,0,0,0,6.0,139.53,0.0,0.0,0
syn_malicious_48,0.1.0,HIGH,MALICIOUS,1.0,1,0,0,0.0,0.0,0.0,2.0,0
syn_malicious_49,0.1.0,MEDIUM,MALICIOUS,0.0,0,0,0,5.0,138.89,0.0,0.0,0
syn_malicious_50,0.1.0,LOW,MALICIOUS,0.0,0,0,0,0.0,0.0,0.0,0.0,0
syn_buildrs_1,0.1.0,CRITICAL,MALICIOUS,1.0,1,2,0,0.0,0.0,0.0,0.0,0
syn_buildrs_2,0.1.0,CRITICAL,MALICIOUS,1.0,1,2,4,0.0,0.0,0.0,1.0,0
syn_buildrs_3,0.1.0,CRITICAL,MALICIOUS,1.0,1,0,3,3.0,142.86,0.0,0.0,0
syn_buildrs_4,0.1.0,HIGH,MALICIOUS,1.0,1,0,0,0.0,0.0,0.0,1.0,0
syn_buildrs_5,0.1.0,MEDIUM,MALICIOUS,0.0,0,0,0,6.0,142.86,0.0,0.0,0
syn_buildrs_6,0.1.0,HIGH,MALICIOUS,1.0,1,0,0,0.0,0.0,0.0,0.0,0
syn_buildrs_7,0.1.0,CRITICAL,MALICIOUS,1.0,1,2,5,0.0,0.0,0.0,0.0,0
syn_buildrs_8,0.1.0,CRITICAL,MALICIOUS,1.0,1,2,4,8.0,142.86,0.0,0.0,0
syn_buildrs_9,0.1.0,MEDIUM,MALICIOUS,1.0,0,0,5,0.0,0.0,0.0,0.0,0
syn_buildrs_10,0.1.0,CRITICAL,MALICIOUS,1.0,1,2,3,3.0,142.86,0.0,0.0,0
syn_buildrs_11,0.1.0,CRITICAL,MALICIOUS,1.0,1,0,5,5.0,142.86,0.0,0.0,0
syn_buildrs_12,0.1.0,CRITICAL,MALICIOUS,1.0,1,0,0,4.0,142.86,0.0,0.0,0
syn_buildrs_13,0.1.0,CRITICAL,MALICIOUS,1.0,1,0,5,0.0,0.0,0.0,0.0,0
syn_buildrs_14,0.1.0,CRITICAL,MALICIOUS,1.0,5,0,5,2.0,142.86,0.0,0.0,0
syn_buildrs_15,0.1.0,LOW,MALICIOUS,0.0,0,0,0,0.0,0.0,0.0,0.0,0
syn_buildrs_16,0.1.0,CRITICAL,MALICIOUS,1.0,1,2,0,0.0,0.0,0.0,0.0,0
syn_buildrs_17,0.1.0,MEDIUM,MALICIOUS,1.0,0,0,3,0.0,0.0,0.0,0.0,0
syn_buildrs_18,0.1.0,HIGH,MALICIOUS,1.0,0,2,0,6.0,142.86,0.0,0.0,0
syn_buildrs_19,0.1.0,CRITICAL,MALICIOUS,1.0,1,2,5,0.0,0.0,0.0,1.0,0
syn_buildrs_20,0.1.0,HIGH,MALICIOUS,1.0,0,2,0,0.0,0.0,0.0,1.0,0
syn_buildrs_21,0.1.0,CRITICAL,MALICIOUS,1.0,1,2,0,5.0,142.86,0.0,0.0,0
syn_buildrs_22,0.1.0,CRITICAL,MALICIOUS,1.0,1,0,4,3.0,142.86,0.0,0.0,0
syn_buildrs_23,0.1.0,CRITICAL,MALICIOUS,1.0,1,2,0,0.0,0.0,0.0,0.0,0
syn_buildrs_24,0.1.0,LOW,MALICIOUS,0.0,0,0,0,0.0,0.0,0.0,0.0,0
syn_buildrs_25,0.1.0,CRITICAL,MALICIOUS,1.0,5,0,5,8.0,142.86,0.0,1.0,0
syn_buildrs_26,0.1.0,CRITICAL,MALICIOUS,1.0,5,2,5,2.0,142.86,0.0,0.0,0
syn_buildrs_27,0.1.0,CRITICAL,MALICIOUS,1.0,1,2,5,0.0,0.0,0.0,0.0,0
syn_buildrs_28,0.1.0,MEDIUM,MALICIOUS,0.0,0,0,0,6.0,142.86,0.0,0.0,0
syn_buildrs_29,0.1.0,MEDIUM,MALICIOUS,1.0,0,2,3,0.0,0.0,0.0,0.0,0
syn_buildrs_30,0.1.0,HIGH,MALICIOUS,1.0,0,2,0,2.0,142.86,0.0,0.0,0
syn_buildrs_31,0.1.0,CRITICAL,MALICIOUS,1.0,1,0,0,5.0,142.86,0.0,0.0,0
syn_buildrs_32,0.1.0,CRITICAL,MALICIOUS,1.0,1,2,5,2.0,142.86,0.0,0.0,0
syn_buildrs_33,0.1.0,CRITICAL,MALICIOUS,1.0,1,2,0,4.0,142.86,0.0,1.0,0
syn_buildrs_34,0.1.0,CRITICAL,MALICIOUS,1.0,1,2,0,7.0,142.86,0.0,1.0,0
syn_buildrs_35,0.1.0,HIGH,MALICIOUS,1.0,0,2,5,4.0,142.86,0.0,1.0,0
syn_buildrs_36,0.1.0,CRITICAL,MALICIOUS,1.0,1,0,3,0.0,0.0,0.0,0.0,0
syn_buildrs_37,0.1.0,CRITICAL,MALICIOUS,1.0,1,0,3,0.0,0.0,0.0,0.0,0
syn_buildrs_38,0.1.0,CRITICAL,MALICIOUS,1.0,4,2,5,3.0,142.86,0.0,0.0,0
syn_buildrs_39,0.1.0,CRITICAL,MALICIOUS,1.0,0,2,3,0.0,0.0,0.0,0.0,0
syn_buildrs_40,0.1.0,CRITICAL,MALICIOUS,1.0,4,2,5,0.0,0.0,0.0,0.0,0
syn_buildrs_41,0.1.0,MEDIUM,MALICIOUS,1.0,0,2,3,0.0,0.0,0.0,0.0,0
syn_buildrs_42,0.1.0,CRITICAL,MALICIOUS,1.0,1,2,4,7.0,142.86,0.0,0.0,0
syn_buildrs_43,0.1.0,CRITICAL,MALICIOUS,1.0,1,2,4,0.0,0.0,0.0,0.0,0
syn_buildrs_44,0.1.0,CRITICAL,MALICIOUS,1.0,1,2,4,0.0,0.0,0.0,0.0,0
syn_buildrs_45,0.1.0,CRITICAL,MALICIOUS,1.0,1,2,0,7.0,142.86,0.0,0.0,0
syn_buildrs_46,0.1.0,CRITICAL,MALICIOUS,1.0,0,2,5,0.0,0.0,0.0,0.0,0
syn_buildrs_47,0.1.0,CRITICAL,MALICIOUS,1.0,0,2,4,0.0,0.0,0.0,1.0,0
syn_buildrs_48,0.1.0,CRITICAL,MALICIOUS,1.0,0,2,5,8.0,142.86,0.0,1.0,0
syn_buildrs_49,0.1.0,CRITICAL,MALICIOUS,1.0,0,2,5,0.0,0.0,0.0,0.0,0
syn_buildrs_50,0.1.0,CRITICAL,MALICIOUS,1.0,1,0,4,7.0,142.86,0.0,0.0,0
syn_buildrs_51,0.1.0,CRITICAL,MALICIOUS,1.0,1,0,3,5.0,142.86,0.0,1.0,0
syn_buildrs_52,0.1.0,CRITICAL,MALICIOUS,1.0,1,0,0,4.0,142.86,0.0,0.0,0
syn_buildrs_53,0.1.0,CRITICAL,MALICIOUS,1.0,1,0,0,4.0,142.86,0.0,0.0,0
syn_buildrs_54,0.1.0,HIGH,MALICIOUS,1.0,1,0,0,0.0,0.0,0.0,0.0,0
syn_buildrs_55,0.1.0,MEDIUM,MALICIOUS,0.0,0,0,0,7.0,142.86,0.0,0.0,0
syn_buildrs_56,0.1.0,CRITICAL,MALICIOUS,1.0,1,2,3,0.0,0.0,0.0,1.0,0
syn_buildrs_57,0.1.0,CRITICAL,MALICIOUS,1.0,1,2,0,0.0,0.0,0.0,0.0,0
syn_buildrs_58,0.1.0,MEDIUM,MALICIOUS,0.0,0,0,0,2.0,142.86,0.0,0.0,0
syn_buildrs_59,0.1.0,CRITICAL,MALICIOUS,1.0,1,2,0,6.0,142.86,0.0,0.0,0
syn_buildrs_60,0.1.0,CRITICAL,MALICIOUS,1.0,1,2,4,8.0,142.86,0.0,1.0,0
syn_buildrs_61,0.1.0,HIGH,MALICIOUS,1.0,0,0,3,6.0,142.86,0.0,0.0,0
syn_buildrs_62,0.1.0,CRITICAL,MALICIOUS,1.0,1,0,5,0.0,0.0,0.0,0.0,0
syn_buildrs_63,0.1.0,CRITICAL,MALICIOUS,1.0,1,2,0,5.0,142.86,0.0,0.0,0
syn_buildrs_64,0.1.0,CRITICAL,MALICIOUS,1.0,1,2,5,6.0,142.86,0.0,0.0,0
syn_buildrs_65,0.1.0,HIGH,MALICIOUS,1.0,0,2,0,0.0,0.0,0.0,0.0,0
syn_buildrs_66,0.1.0,CRITICAL,MALICIOUS,1.0,1,2,3,4.0,142.86,0.0,0.0,0
syn_buildrs_67,0.1.0,CRITICAL,MALICIOUS,1.0,1,2,5,5.0,142.86,0.0,0.0,0
syn_buildrs_68,0.1.0,CRITICAL,MALICIOUS,1.0,5,2,5,4.0,142.86,0.0,0.0,0
syn_buildrs_69,0.1.0,LOW,MALICIOUS,0.0,0,0,0,0.0,0.0,0.0,0.0,0
syn_buildrs_70,0.1.0,CRITICAL,MALICIOUS,1.0,5,2,5,0.0,0.0,0.0,0.0,0
syn_buildrs_71,0.1.0,CRITICAL,MALICIOUS,1.0,1,2,5,4.0,142.86,0.0,0.0,0
syn_buildrs_72,0.1.0,CRITICAL,MALICIOUS,1.0,1,0,5,0.0,0.0,0.0,0.0,0
syn_buildrs_73,0.1.0,HIGH,MALICIOUS,1.0,1,0,0,0.0,0.0,0.0,0.0,0
syn_buildrs_74,0.1.0,CRITICAL,MALICIOUS,1.0,1,2,5,4.0,142.86,0.0,0.0,0
syn_buildrs_75,0.1.0,CRITICAL,MALICIOUS,1.0,1,0,0,6.0,142.86,0.0,0.0,0
syn_buildrs_76,0.1.0,MEDIUM,MALICIOUS,1.0,0,2,0,5.0,142.86,0.0,1.0,0
syn_buildrs_77,0.1.0,HIGH,MALICIOUS,1.0,1,0,0,0.0,0.0,0.0,0.0,0
syn_buildrs_78,0.1.0,CRITICAL,MALICIOUS,1.0,4,0,5,0.0,0.0,0.0,1.0,0
syn_buildrs_79,0.1.0,CRITICAL,MALICIOUS,1.0,0,2,5,0.0,0.0,0.0,0.0,0
syn_buildrs_80,0.1.0,CRITICAL,MALICIOUS,1.0,0,2,5,5.0,142.86,0.0,0.0,0
syn_buildrs_81,0.1.0,CRITICAL,MALICIOUS,1.0,1,2,3,2.0,142.86,0.0,0.0,0
syn_buildrs_82,0.1.0,CRITICAL,MALICIOUS,1.0,1,0,5,4.0,142.86,0.0,0.0,0
syn_buildrs_83,0.1.0,CRITICAL,MALICIOUS,1.0,5,0,5,3.0,142.86,0.0,0.0,0
syn_buildrs_84,0.1.0,LOW,MALICIOUS,0.0,0,0,0,0.0,0.0,0.0,1.0,0
syn_buildrs_85,0.1.0,MEDIUM,MALICIOUS,0.0,0,0,0,7.0,142.86,0.0,1.0,0
syn_buildrs_86,0.1.0,CRITICAL,MALICIOUS,1.0,1,0,5,0.0,0.0,0.0,0.0,0
syn_buildrs_87,0.1.0,CRITICAL,MALICIOUS,1.0,0,2,5,7.0,142.86,0.0,0.0,0
syn_buildrs_88,0.1.0,CRITICAL,MALICIOUS,1.0,1,0,0,5.0,142.86,0.0,0.0,0
syn_buildrs_89,0.1.0,HIGH,MALICIOUS,1.0,0,2,0,0.0,0.0,0.0,0.0,0
syn_buildrs_90,0.1.0,MEDIUM,MALICIOUS,0.0,0,0,0,6.0,142.86,0.0,1.0,0
syn_buildrs_91,0.1.0,MEDIUM,MALICIOUS,0.0,0,0,0,3.0,142.86,0.0,1.0,0
syn_buildrs_92,0.1.0,LOW,MALICIOUS,1.0,0,2,0,0.0,0.0,0.0,0.0,0
syn_buildrs_93,0.1.0,LOW,MALICIOUS,1.0,0,2,0,0.0,0.0,0.0,0.0,0
syn_buildrs_94,0.1.0,HIGH,MALICIOUS,1.0,0,2,0,0.0,0.0,0.0,0.0,0
syn_buildrs_95,0.1.0,CRITICAL,MALICIOUS,1.0,1,2,0,8.0,142.86,0.0,0.0,0
syn_buildrs_96,0.1.0,CRITICAL,MALICIOUS,1.0,1,2,0,6.0,142.86,0.0,0.0,0
syn_buildrs_97,0.1.0,CRITICAL,MALICIOUS,1.0,1,0,0,4.0,142.86,0.0,0.0,0
syn_buildrs_98,0.1.0,CRITICAL,MALICIOUS,1.0,1,2,0,5.0,142.86,0.0,0.0,0
syn_buildrs_99,0.1.0,CRITICAL,MALICIOUS,1.0,4,2,5,0.0,0.0,0.0,0.0,0
syn_buildrs_100,0.1.0,LOW,MALICIOUS,0.0,0,0,0,0.0,0.0,0.0,0.0,0
syn_buildrs_101,0.1.0,HIGH,MALICIOUS,1.0,1,0,0,0.0,0.0,0.0,0.0,0
syn_buildrs_102,0.1.0,HIGH,MALICIOUS,1.0,1,0,0,0.0,0.0,0.0,0.0,0
syn_buildrs_103,0.1.0,CRITICAL,MALICIOUS,1.0,1,2,5,4.0,142.86,0.0,1.0,0
syn_buildrs_104,0.1.0,HIGH,MALICIOUS,1.0,0,2,0,2.0,142.86,0.0,0.0,0
syn_buildrs_105,0.1.0,CRITICAL,MALICIOUS,1.0,1,0,0,8.0,142.86,0.0,1.0,0
syn_buildrs_106,0.1.0,CRITICAL,MALICIOUS,1.0,1,2,3,2.0,142.86,0.0,0.0,0
syn_buildrs_107,0.1.0,HIGH,MALICIOUS,1.0,0,2,0,5.0,142.86,0.0,0.0,0
syn_buildrs_108,0.1.0,CRITICAL,MALICIOUS,1.0,1,0,0,7.0,142.86,0.0,1.0,0
syn_buildrs_109,0.1.0,MEDIUM,MALICIOUS,0.0,0,0,0,7.0,142.86,0.0,0.0,0
syn_buildrs_110,0.1.0,MEDIUM,MALICIOUS,0.0,0,0,0,7.0,142.86,0.0,0.0,0
syn_buildrs_111,0.1.0,CRITICAL,MALICIOUS,1.0,5,0,5,0.0,0.0,0.0,0.0,0
syn_buildrs_112,0.1.0,CRITICAL,MALICIOUS,1.0,1,0,4,0.0,0.0,0.0,0.0,0
syn_buildrs_113,0.1.0,HIGH,MALICIOUS,1.0,0,2,0,8.0,142.86,0.0,0.0,0
syn_buildrs_114,0.1.0,CRITICAL,MALICIOUS,1.0,1,2,0,7.0,142.86,0.0,0.0,0
syn_buildrs_115,0.1.0,CRITICAL,MALICIOUS,1.0,0,2,5,0.0,0.0,0.0,1.0,0
syn_buildrs_116,0.1.0,CRITICAL,MALICIOUS,1.0,1,2,5,0.0,0.0,0.0,1.0,0
syn_buildrs_117,0.1.0,HIGH,MALICIOUS,1.0,0,2,5,5.0,142.86,0.0,1.0,0
syn_buildrs_118,0.1.0,CRITICAL,MALICIOUS,1.0,1,2,5,2.0,142.86,0.0,0.0,0
syn_buildrs_119,0.1.0,HIGH,MALICIOUS,1.0,0,0,5,5.0,142.86,0.0,0.0,0
syn_buildrs_120,0.1.0,CRITICAL,MALICIOUS,1.0,0,2,3,0.0,0.0,0.0,1.0,0
syn_buildrs_121,0.1.0,CRITICAL,MALICIOUS,1.0,1,0,0,6.0,142.86,0.0,0.0,0
syn_buildrs_122,0.1.0,CRITICAL,MALICIOUS,1.0,1,2,0,0.0,0.0,0.0,1.0,0
syn_buildrs_123,0.1.0,HIGH,MALICIOUS,1.0,0,2,0,3.0,142.86,0.0,0.0,0
syn_buildrs_124,0.1.0,CRITICAL,MALICIOUS,1.0,5,2,5,0.0,0.0,0.0,0.0,0
syn_buildrs_125,0.1.0,CRITICAL,MALICIOUS,1.0,1,2,0,2.0,142.86,0.0,0.0,0
syn_buildrs_126,0.1.0,CRITICAL,MALICIOUS,1.0,1,2,5,8.0,142.86,0.0,1.0,0
syn_buildrs_127,0.1.0,CRITICAL,MALICIOUS,1.0,1,2,4,0.0,0.0,0.0,0.0,0
syn_buildrs_128,0.1.0,CRITICAL,MALICIOUS,1.0,1,2,3,0.0,0.0,0.0,0.0,0
syn_buildrs_129,0.1.0,CRITICAL,MALICIOUS,1.0,0,2,5,0.0,0.0,0.0,0.0,0
syn_buildrs_130,0.1.0,CRITICAL,MALICIOUS,1.0,0,2,3,0.0,0.0,0.0,0.0,0
syn_buildrs_131,0.1.0,CRITICAL,MALICIOUS,1.0,0,2,3,8.0,142.86,0.0,0.0,0
syn_buildrs_132,0.1.0,CRITICAL,MALICIOUS,1.0,1,2,0,3.0,142.86,0.0,0.0,0
syn_buildrs_133,0.1.0,CRITICAL,MALICIOUS,1.0,0,2,5,0.0,0.0,0.0,0.0,0
syn_buildrs_134,0.1.0,CRITICAL,MALICIOUS,1.0,1,0,0,5.0,142.86,0.0,0.0,0
syn_buildrs_135,0.1.0,CRITICAL,MALICIOUS,1.0,1,2,5,0.0,0.0,0.0,0.0,0
syn_buildrs_136,0.1.0,CRITICAL,MALICIOUS,1.0,1,2,0,0.0,0.0,0.0,0.0,0
syn_buildrs_137,0.1.0,MEDIUM,MALICIOUS,0.0,0,0,0,3.0,142.86,0.0,1.0,0
syn_buildrs_138,0.1.0,MEDIUM,MALICIOUS,0.0,0,0,0,8.0,142.86,0.0,0.0,0
syn_buildrs_139,0.1.0,CRITICAL,MALICIOUS,1.0,1,2,3,8.0,142.86,0.0,1.0,0
syn_buildrs_140,0.1.0,HIGH,MALICIOUS,1.0,0,2,0,0.0,0.0,0.0,1.0,0
syn_procmacro_141,0.1.0,CRITICAL,MALICIOUS,1.0,0,0,3,0.0,0.0,0.0,0.0,0
syn_procmacro_142,0.1.0,HIGH,MALICIOUS,0.0,0,0,0,0.0,0.0,0.0,0.0,0
syn_procmacro_143,0.1.0,HIGH,MALICIOUS,0.0,0,0,0,0.0,0.0,0.0,0.0,0
syn_procmacro_144,0.1.0,HIGH,MALICIOUS,0.0,0,0,0,0.0,0.0,0.0,0.0,0
syn_procmacro_145,0.1.0,CRITICAL,MALICIOUS,1.0,0,2,5,0.0,0.0,0.0,0.0,0
syn_procmacro_146,0.1.0,HIGH,MALICIOUS,0.0,0,0,0,0.0,0.0,0.0,0.0,0
syn_procmacro_147,0.1.0,HIGH,MALICIOUS,0.0,0,0,0,0.0,0.0,0.0,0.0,0
syn_procmacro_148,0.1.0,CRITICAL,MALICIOUS,1.0,1,0,3,0.0,0.0,0.0,0.0,0
syn_procmacro_149,0.1.0,HIGH,MALICIOUS,0.0,0,0,0,0.0,0.0,0.0,0.0,0
syn_procmacro_150,0.1.0,HIGH,MALICIOUS,0.0,0,0,0,0.0,0.0,0.0,0.0,0
syn_procmacro_151,0.1.0,HIGH,MALICIOUS,0.0,0,0,0,0.0,0.0,0.0,0.0,0
syn_procmacro_152,0.1.0,HIGH,MALICIOUS,0.0,0,0,0,0.0,0.0,0.0,0.0,0
syn_procmacro_153,0.1.0,HIGH,MALICIOUS,0.0,0,0,0,0.0,0.0,0.0,0.0,0
syn_procmacro_154,0.1.0,HIGH,MALICIOUS,0.0,0,0,0,0.0,0.0,0.0,0.0,0
syn_procmacro_155,0.1.0,HIGH,MALICIOUS,0.0,0,0,0,0.0,0.0,0.0,0.0,0
syn_procmacro_156,0.1.0,HIGH,MALICIOUS,0.0,0,0,0,0.0,0.0,0.0,0.0,0
syn_procmacro_157,0.1.0,CRITICAL,MALICIOUS,1.0,0,2,3,0.0,0.0,0.0,0.0,0
syn_procmacro_158,0.1.0,HIGH,MALICIOUS,0.0,0,0,0,0.0,0.0,0.0,0.0,0
syn_procmacro_159,0.1.0,CRITICAL,MALICIOUS,1.0,5,2,5,0.0,0.0,0.0,0.0,0
syn_procmacro_160,0.1.0,HIGH,MALICIOUS,0.0,0,0,0,0.0,0.0,0.0,0.0,0
syn_procmacro_161,0.1.0,CRITICAL,MALICIOUS,1.0,0,0,5,0.0,0.0,0.0,0.0,0
syn_procmacro_162,0.1.0,CRITICAL,MALICIOUS,1.0,1,2,5,0.0,0.0,0.0,0.0,0
syn_procmacro_163,0.1.0,CRITICAL,MALICIOUS,1.0,1,0,0,0.0,0.0,0.0,0.0,0
syn_procmacro_164,0.1.0,HIGH,MALICIOUS,0.0,0,0,0,0.0,0.0,0.0,0.0,0
syn_procmacro_165,0.1.0,HIGH,MALICIOUS,0.0,0,0,0,0.0,0.0,0.0,0.0,0
syn_procmacro_166,0.1.0,CRITICAL,MALICIOUS,1.0,1,2,5,0.0,0.0,0.0,0.0,0
syn_procmacro_167,0.1.0,HIGH,MALICIOUS,0.0,0,0,0,0.0,0.0,0.0,0.0,0
syn_procmacro_168,0.1.0,HIGH,MALICIOUS,0.0,0,0,0,0.0,0.0,0.0,0.0,0
syn_procmacro_169,0.1.0,HIGH,MALICIOUS,0.0,0,0,0,0.0,0.0,0.0,0.0,0
syn_procmacro_170,0.1.0,CRITICAL,MALICIOUS,1.0,1,0,0,0.0,0.0,0.0,0.0,0
syn_procmacro_171,0.1.0,CRITICAL,MALICIOUS,1.0,1,0,0,0.0,0.0,0.0,0.0,0
syn_procmacro_172,0.1.0,HIGH,MALICIOUS,0.0,0,0,0,0.0,0.0,0.0,0.0,0
syn_procmacro_173,0.1.0,CRITICAL,MALICIOUS,1.0,1,0,5,0.0,0.0,0.0,0.0,0
syn_procmacro_174,0.1.0,HIGH,MALICIOUS,1.0,0,2,0,0.0,0.0,0.0,0.0,0
syn_procmacro_175,0.1.0,CRITICAL,MALICIOUS,1.0,0,2,0,0.0,0.0,0.0,0.0,0
syn_procmacro_176,0.1.0,HIGH,MALICIOUS,0.0,0,0,0,0.0,0.0,0.0,0.0,0
syn_procmacro_177,0.1.0,CRITICAL,MALICIOUS,1.0,0,2,0,0.0,0.0,0.0,0.0,0
syn_procmacro_178,0.1.0,HIGH,MALICIOUS,0.0,0,0,0,0.0,0.0,0.0,0.0,0
syn_procmacro_179,0.1.0,CRITICAL,MALICIOUS,1.0,1,2,0,0.0,0.0,0.0,0.0,0
syn_procmacro_180,0.1.0,CRITICAL,MALICIOUS,1.0,5,0,5,0.0,0.0,0.0,0.0,0
syn_procmacro_181,0.1.0,HIGH,MALICIOUS,0.0,0,0,0,0.0,0.0,0.0,0.0,0
syn_procmacro_182,0.1.0,CRITICAL,MALICIOUS,1.0,0,0,5,0.0,0.0,0.0,0.0,0
syn_procmacro_183,0.1.0,CRITICAL,MALICIOUS,1.0,1,0,0,0.0,0.0,0.0,0.0,0
syn_procmacro_184,0.1.0,HIGH,MALICIOUS,0.0,0,0,0,0.0,0.0,0.0,0.0,0
syn_procmacro_185,0.1.0,CRITICAL,MALICIOUS,1.0,0,2,5,0.0,0.0,0.0,0.0,0
syn_procmacro_186,0.1.0,CRITICAL,MALICIOUS,1.0,1,2,5,0.0,0.0,0.0,0.0,0
syn_procmacro_187,0.1.0,HIGH,MALICIOUS,0.0,0,0,0,0.0,0.0,0.0,0.0,0
syn_procmacro_188,0.1.0,HIGH,MALICIOUS,0.0,0,0,0,0.0,0.0,0.0,0.0,0
syn_procmacro_189,0.1.0,HIGH,MALICIOUS,0.0,0,0,0,0.0,0.0,0.0,0.0,0
syn_procmacro_190,0.1.0,HIGH,MALICIOUS,0.0,0,0,0,0.0,0.0,0.0,0.0,0
syn_procmacro_191,0.1.0,HIGH,MALICIOUS,0.0,0,0,0,0.0,0.0,0.0,0.0,0
syn_procmacro_192,0.1.0,HIGH,MALICIOUS,0.0,0,0,0,0.0,0.0,0.0,0.0,0
syn_procmacro_193,0.1.0,HIGH,MALICIOUS,0.0,0,0,0,0.0,0.0,0.0,0.0,0
syn_procmacro_194,0.1.0,CRITICAL,MALICIOUS,1.0,1,2,5,0.0,0.0,0.0,0.0,0
syn_procmacro_195,0.1.0,HIGH,MALICIOUS,0.0,0,0,0,0.0,0.0,0.0,0.0,0
syn_procmacro_196,0.1.0,HIGH,MALICIOUS,0.0,0,0,0,0.0,0.0,0.0,0.0,0
syn_procmacro_197,0.1.0,HIGH,MALICIOUS,0.0,0,0,0,0.0,0.0,0.0,0.0,0
syn_procmacro_198,0.1.0,CRITICAL,MALICIOUS,1.0,1,0,0,0.0,0.0,0.0,0.0,0
syn_procmacro_199,0.1.0,CRITICAL,MALICIOUS,1.0,0,2,5,0.0,0.0,0.0,0.0,0
syn_procmacro_200,0.1.0,HIGH,MALICIOUS,0.0,0,0,0,0.0,0.0,0.0,0.0,0
syn_depanomaly_201,0.1.0,MEDIUM,MALICIOUS,0.0,0,0,0,3.0,142.86,0.0,2.0,0
syn_depanomaly_202,0.1.0,LOW,MALICIOUS,0.0,0,0,0,0.0,0.0,0.0,4.0,0
syn_depanomaly_203,0.1.0,LOW,MALICIOUS,0.0,0,0,0,0.0,0.0,0.0,1.0,0
syn_depanomaly_204,0.1.0,MEDIUM,MALICIOUS,0.0,0,0,0,4.0,142.86,0.0,4.0,0
syn_depanomaly_205,0.1.0,MEDIUM,MALICIOUS,0.0,0,0,0,1.0,142.86,0.0,4.0,0
syn_depanomaly_206,0.1.0,LOW,MALICIOUS,0.0,0,0,0,0.0,0.0,0.0,3.0,0
syn_depanomaly_207,0.1.0,LOW,MALICIOUS,0.0,0,0,0,0.0,0.0,0.0,6.0,0
syn_depanomaly_208,0.1.0,MEDIUM,MALICIOUS,0.0,0,0,0,2.0,142.86,0.0,5.0,0
syn_depanomaly_209,0.1.0,MEDIUM,MALICIOUS,0.0,0,0,0,3.0,142.86,0.0,3.0,0
syn_depanomaly_210,0.1.0,MEDIUM,MALICIOUS,0.0,0,0,0,3.0,142.86,0.0,1.0,0
syn_depanomaly_211,0.1.0,LOW,MALICIOUS,0.0,0,0,0,0.0,0.0,0.0,2.0,0
syn_depanomaly_212,0.1.0,LOW,MALICIOUS,0.0,0,0,0,0.0,0.0,0.0,4.0,0
syn_depanomaly_213,0.1.0,MEDIUM,MALICIOUS,0.0,0,0,0,2.0,142.86,0.0,4.0,0
syn_depanomaly_214,0.1.0,LOW,MALICIOUS,0.0,0,0,0,0.0,0.0,0.0,4.0,0
syn_depanomaly_215,0.1.0,MEDIUM,MALICIOUS,0.0,0,0,0,2.0,142.86,0.0,5.0,0
syn_depanomaly_216,0.1.0,LOW,MALICIOUS,0.0,0,0,0,0.0,0.0,0.0,3.0,0
syn_depanomaly_217,0.1.0,LOW,MALICIOUS,0.0,0,0,0,0.0,0.0,0.0,5.0,0
syn_depanomaly_218,0.1.0,LOW,MALICIOUS,0.0,0,0,0,0.0,0.0,0.0,5.0,0
syn_depanomaly_219,0.1.0,MEDIUM,MALICIOUS,0.0,0,0,0,2.0,142.86,0.0,1.0,0
syn_depanomaly_220,0.1.0,LOW,MALICIOUS,0.0,0,0,0,0.0,0.0,0.0,4.0,0
syn_depanomaly_221,0.1.0,MEDIUM,MALICIOUS,0.0,0,0,0,1.0,142.86,0.0,4.0,0
syn_depanomaly_222,0.1.0,MEDIUM,MALICIOUS,0.0,0,0,0,4.0,142.86,0.0,4.0,0
syn_depanomaly_223,0.1.0,LOW,MALICIOUS,0.0,0,0,0,0.0,0.0,0.0,1.0,0
syn_depanomaly_224,0.1.0,LOW,MALICIOUS,0.0,0,0,0,0.0,0.0,0.0,1.0,0
syn_depanomaly_225,0.1.0,MEDIUM,MALICIOUS,0.0,0,0,0,2.0,142.86,0.0,2.0,0
syn_depanomaly_226,0.1.0,MEDIUM,MALICIOUS,0.0,0,0,0,1.0,142.86,0.0,3.0,0
syn_depanomaly_227,0.1.0,LOW,MALICIOUS,0.0,0,0,0,0.0,0.0,0.0,3.0,0
syn_depanomaly_228,0.1.0,LOW,MALICIOUS,0.0,0,0,0,0.0,0.0,0.0,3.0,0
syn_depanomaly_229,0.1.0,LOW,MALICIOUS,0.0,0,0,0,0.0,0.0,0.0,1.0,0
syn_depanomaly_230,0.1.0,MEDIUM,MALICIOUS,0.0,0,0,0,4.0,142.86,0.0,1.0,0
syn_depanomaly_231,0.1.0,LOW,MALICIOUS,0.0,0,0,0,0.0,0.0,0.0,4.0,0
syn_depanomaly_232,0.1.0,MEDIUM,MALICIOUS,0.0,0,0,0,1.0,142.86,0.0,2.0,0
syn_depanomaly_233,0.1.0,MEDIUM,MALICIOUS,0.0,0,0,0,2.0,142.86,0.0,1.0,0
syn_depanomaly_234,0.1.0,MEDIUM,MALICIOUS,0.0,0,0,0,2.0,142.86,0.0,5.0,0
syn_depanomaly_235,0.1.0,LOW,MALICIOUS,0.0,0,0,0,0.0,0.0,0.0,2.0,0
syn_depanomaly_236,0.1.0,LOW,MALICIOUS,0.0,0,0,0,0.0,0.0,0.0,5.0,0
syn_depanomaly_237,0.1.0,LOW,MALICIOUS,0.0,0,0,0,0.0,0.0,0.0,2.0,0
syn_depanomaly_238,0.1.0,MEDIUM,MALICIOUS,0.0,0,0,0,2.0,142.86,0.0,1.0,0
syn_depanomaly_239,0.1.0,LOW,MALICIOUS,0.0,0,0,0,0.0,0.0,0.0,1.0,0
syn_depanomaly_240,0.1.0,LOW,MALICIOUS,0.0,0,0,0,0.0,0.0,0.0,5.0,0
syn_depanomaly_241,0.1.0,LOW,MALICIOUS,0.0,0,0,0,0.0,0.0,0.0,2.0,0
syn_depanomaly_242,0.1.0,LOW,MALICIOUS,0.0,0,0,0,0.0,0.0,0.0,3.0,0
syn_depanomaly_243,0.1.0,LOW,MALICIOUS,0.0,0,0,0,0.0,0.0,0.0,2.0,0
syn_depanomaly_244,0.1.0,LOW,MALICIOUS,0.0,0,0,0,0.0,0.0,0.0,4.0,0
syn_depanomaly_245,0.1.0,MEDIUM,MALICIOUS,0.0,0,0,0,1.0,142.86,0.0,2.0,0
syn_depanomaly_246,0.1.0,LOW,MALICIOUS,0.0,0,0,0,0.0,0.0,0.0,4.0,0
syn_depanomaly_247,0.1.0,MEDIUM,MALICIOUS,0.0,0,0,0,4.0,142.86,0.0,3.0,0
syn_depanomaly_248,0.1.0,LOW,MALICIOUS,0.0,0,0,0,0.0,0.0,0.0,5.0,0
syn_depanomaly_249,0.1.0,LOW,MALICIOUS,0.0,0,0,0,0.0,0.0,0.0,3.0,0
syn_depanomaly_250,0.1.0,LOW,MALICIOUS,0.0,0,0,0,0.0,0.0,0.0,4.0,0
syn_depanomaly_251,0.1.0,LOW,MALICIOUS,0.0,0,0,0,0.0,0.0,0.0,1.0,0
syn_depanomaly_252,0.1.0,LOW,MALICIOUS,0.0,0,0,0,0.0,0.0,0.0,5.0,0
syn_depanomaly_253,0.1.0,LOW,MALICIOUS,0.0,0,0,0,0.0,0.0,0.0,5.0,0
syn_depanomaly_254,0.1.0,MEDIUM,MALICIOUS,0.0,0,0,0,3.0,142.86,0.0,1.0,0
syn_depanomaly_255,0.1.0,MEDIUM,MALICIOUS,0.0,0,0,0,4.0,142.86,0.0,3.0,0
syn_depanomaly_256,0.1.0,LOW,MALICIOUS,0.0,0,0,0,0.0,0.0,0.0,3.0,0
syn_depanomaly_257,0.1.0,LOW,MALICIOUS,0.0,0,0,0,0.0,0.0,0.0,3.0,0
syn_depanomaly_258,0.1.0,LOW,MALICIOUS,0.0,0,0,0,0.0,0.0,0.0,4.0,0
syn_depanomaly_259,0.1.0,LOW,MALICIOUS,0.0,0,0,0,0.0,0.0,0.0,3.0,0
syn_depanomaly_260,0.1.0,MEDIUM,MALICIOUS,0.0,0,0,0,3.0,142.86,0.0,3.0,0
syn_depanomaly_261,0.1.0,LOW,MALICIOUS,0.0,0,0,0,0.0,0.0,0.0,1.0,0
syn_depanomaly_262,0.1.0,MEDIUM,MALICIOUS,0.0,0,0,0,2.0,142.86,0.0,4.0,0
syn_depanomaly_263,0.1.0,MEDIUM,MALICIOUS,0.0,0,0,0,1.0,142.86,0.0,5.0,0
syn_depanomaly_264,0.1.0,MEDIUM,MALICIOUS,0.0,0,0,0,3.0,142.86,0.0,3.0,0
syn_depanomaly_265,0.1.0,LOW,MALICIOUS,0.0,0,0,0,0.0,0.0,0.0,2.0,0
syn_depanomaly_266,0.1.0,LOW,MALICIOUS,0.0,0,0,0,0.0,0.0,0.0,2.0,0
syn_depanomaly_267,0.1.0,MEDIUM,MALICIOUS,0.0,0,0,0,2.0,142.86,0.0,3.0,0
syn_depanomaly_268,0.1.0,LOW,MALICIOUS,0.0,0,0,0,0.0,0.0,0.0,2.0,0
syn_depanomaly_269,0.1.0,MEDIUM,MALICIOUS,0.0,0,0,0,2.0,142.86,0.0,2.0,0
syn_depanomaly_270,0.1.0,MEDIUM,MALICIOUS,0.0,0,0,0,3.0,142.86,0.0,3.0,0
syn_depanomaly_271,0.1.0,MEDIUM,MALICIOUS,0.0,0,0,0,4.0,142.86,0.0,1.0,0
syn_depanomaly_272,0.1.0,LOW,MALICIOUS,0.0,0,0,0,0.0,0.0,0.0,4.0,0
syn_depanomaly_273,0.1.0,LOW,MALICIOUS,0.0,0,0,0,0.0,0.0,0.0,5.0,0
syn_depanomaly_274,0.1.0,LOW,MALICIOUS,0.0,0,0,0,0.0,0.0,0.0,5.0,0
syn_depanomaly_275,0.1.0,LOW,MALICIOUS,0.0,0,0,0,0.0,0.0,0.0,1.0,0
syn_depanomaly_276,0.1.0,MEDIUM,MALICIOUS,0.0,0,0,0,4.0,142.86,0.0,1.0,0
syn_depanomaly_277,0.1.0,LOW,MALICIOUS,0.0,0,0,0,0.0,0.0,0.0,5.0,0
syn_depanomaly_278,0.1.0,LOW,MALICIOUS,0.0,0,0,0,0.0,0.0,0.0,2.0,0
syn_depanomaly_279,0.1.0,MEDIUM,MALICIOUS,0.0,0,0,0,1.0,142.86,0.0,3.0,0
syn_depanomaly_280,0.1.0,LOW,MALICIOUS,0.0,0,0,0,0.0,0.0,0.0,2.0,0
hypers,0.1.0,LOW,MALICIOUS,0.0,0,0,0,0.0,0.0,0.833,0.0,0
once_ceell,0.1.0,HIGH,MALICIOUS,0.0,0,0,0,0.0,0.0,0.9,0.0,0
uiud,0.1.0,HIGH,MALICIOUS,1.0,1,0,0,0.0,0.0,0.5,0.0,0
actix-web2,0.1.0,CRITICAL,MALICIOUS,1.0,1,2,5,0.0,0.0,0.9,0.0,0
anyhows,0.1.0,HIGH,MALICIOUS,0.0,0,0,0,0.0,0.0,0.857,0.0,0
uuids,0.1.0,HIGH,MALICIOUS,1.0,1,0,0,0.0,0.0,0.8,0.0,0
regex0,0.1.0,HIGH,MALICIOUS,1.0,1,0,0,0.0,0.0,0.833,0.0,0
pparking_lot,0.1.0,CRITICAL,MALICIOUS,1.0,1,0,5,0.0,0.0,0.917,0.0,0
itertoolss,0.1.0,CRITICAL,MALICIOUS,1.0,0,2,4,0.0,0.0,0.9,0.0,0
tookio,0.1.0,LOW,MALICIOUS,0.0,0,0,0,0.0,0.0,0.833,0.0,0
regexs,0.1.0,LOW,MALICIOUS,0.0,0,0,0,0.0,0.0,0.833,0.0,0
quotes,0.1.0,LOW,MALICIOUS,0.0,0,0,0,0.0,0.0,0.833,0.0,0
reqwest0,0.1.0,CRITICAL,MALICIOUS,1.0,1,2,0,0.0,0.0,0.875,0.0,0
bytes0,0.1.0,LOW,MALICIOUS,0.0,0,0,0,0.0,0.0,0.833,0.0,0
reqest,0.1.0,HIGH,MALICIOUS,0.0,0,0,0,0.0,0.0,0.857,0.0,0
tokios,0.1.0,HIGH,MALICIOUS,1.0,0,2,0,0.0,0.0,0.833,0.0,0
rayn,0.1.0,LOW,MALICIOUS,0.0,0,0,0,0.0,0.0,0.8,0.0,0
sqlx2,0.1.0,HIGH,MALICIOUS,1.0,1,0,0,0.0,0.0,0.8,0.0,0
uuiid,0.1.0,LOW,MALICIOUS,0.0,0,0,0,0.0,0.0,0.8,0.0,0
reggex,0.1.0,HIGH,MALICIOUS,1.0,1,0,0,0.0,0.0,0.833,0.0,0
reqwst,0.1.0,HIGH,MALICIOUS,0.0,0,0,0,0.0,0.0,0.857,0.0,0
hypr,0.1.0,LOW,MALICIOUS,0.0,0,0,0,0.0,0.0,0.8,0.0,0
rayn2,0.1.0,HIGH,MALICIOUS,1.0,1,2,0,0.0,0.0,0.6,0.0,0
once_cells,0.1.0,CRITICAL,MALICIOUS,1.0,1,2,0,0.0,0.0,0.9,0.0,0
num-traiits,0.1.0,HIGH,MALICIOUS,0.0,0,0,0,0.0,0.0,0.909,0.0,0
diesel0,0.1.0,LOW,MALICIOUS,0.0,0,0,0,0.0,0.0,0.0,0.0,0
parkingl_ot,0.1.0,LOW,MALICIOUS,0.0,0,0,0,0.0,0.0,0.818,0.0,0
assync-trait,0.1.0,HIGH,MALICIOUS,0.0,0,0,0,0.0,0.0,0.917,0.0,0
anyhw,0.1.0,LOW,MALICIOUS,0.0,0,0,0,0.0,0.0,0.833,0.0,0
futtures,0.1.0,HIGH,MALICIOUS,0.0,0,0,0,0.0,0.0,0.875,0.0,0
diesel2,0.1.0,HIGH,MALICIOUS,1.0,1,0,0,0.0,0.0,0.0,0.0,0
tokoi,0.1.0,CRITICAL,MALICIOUS,1.0,0,2,3,0.0,0.0,0.6,0.0,0
asynctrait,0.1.0,CRITICAL,MALICIOUS,1.0,0,2,5,0.0,0.0,0.909,0.0,0
iertools,0.1.0,CRITICAL,MALICIOUS,1.0,1,2,0,0.0,0.0,0.889,0.0,0
sede,0.1.0,CRITICAL,MALICIOUS,1.0,1,0,3,0.0,0.0,0.8,0.0,0
reqwests,0.1.0,HIGH,MALICIOUS,0.0,0,0,0,0.0,0.0,0.875,0.0,0
ftuures,0.1.0,MEDIUM,MALICIOUS,1.0,0,2,5,0.0,0.0,0.714,0.0,0
anhow,0.1.0,CRITICAL,MALICIOUS,1.0,1,2,0,0.0,0.0,0.833,0.0,0
claps,0.1.0,LOW,MALICIOUS,0.0,0,0,0,0.0,0.0,0.8,0.0,0
btes,0.1.0,LOW,MALICIOUS,0.0,0,0,0,0.0,0.0,0.8,0.0,0
clpa,0.1.0,LOW,MALICIOUS,0.0,0,0,0,0.0,0.0,0.5,0.0,0
sqlxs,0.1.0,CRITICAL,MALICIOUS,1.0,1,0,5,0.0,0.0,0.8,0.0,0
asyn-ctrait,0.1.0,CRITICAL,MALICIOUS,1.0,4,2,5,0.0,0.0,0.818,0.0,0
num-trais,0.1.0,CRITICAL,MALICIOUS,1.0,1,2,0,0.0,0.0,0.9,0.0,0
uurl,0.1.0,HIGH,MALICIOUS,1.0,0,2,0,0.0,0.0,0.75,0.0,0
quotes2,0.1.0,LOW,MALICIOUS,0.0,0,0,0,0.0,0.0,0.714,0.0,0
uqote,0.1.0,LOW,MALICIOUS,0.0,0,0,0,0.0,0.0,0.6,0.0,0
seerde,0.1.0,CRITICAL,MALICIOUS,1.0,1,2,0,0.0,0.0,0.833,0.0,0
quotes3,0.1.0,CRITICAL,MALICIOUS,1.0,1,2,5,0.0,0.0,0.714,0.0,0
sere_json,0.1.0,HIGH,MALICIOUS,0.0,0,0,0,0.0,0.0,0.9,0.0,0
anyhow2,0.1.0,HIGH,MALICIOUS,0.0,0,0,0,0.0,0.0,0.857,0.0,0
oncec_ell,0.1.0,LOW,MALICIOUS,0.0,0,0,0,0.0,0.0,0.778,0.0,0
syn0,0.1.0,HIGH,MALICIOUS,1.0,1,2,0,0.0,0.0,0.75,0.0,0
atix-web,0.1.0,CRITICAL,MALICIOUS,1.0,1,2,5,0.0,0.0,0.889,0.0,0
sqx,0.1.0,LOW,MALICIOUS,0.0,0,0,0,0.0,0.0,0.75,0.0,0
rewqest,0.1.0,LOW,MALICIOUS,0.0,0,0,0,0.0,0.0,0.714,0.0,0
hyper0,0.1.0,MEDIUM,MALICIOUS,1.0,0,0,3,0.0,0.0,0.833,0.0,0
futures0,0.1.0,CRITICAL,MALICIOUS,1.0,1,0,0,0.0,0.0,0.875,0.0,0
reqwet,0.1.0,CRITICAL,MALICIOUS,1.0,0,2,3,0.0,0.0,0.857,0.0,0
regxe,0.1.0,CRITICAL,MALICIOUS,1.0,1,2,5,0.0,0.0,0.6,0.0,0
itretools,0.1.0,CRITICAL,MALICIOUS,1.0,1,0,5,0.0,0.0,0.778,0.0,0
actix--web,0.1.0,CRITICAL,MALICIOUS,1.0,1,2,0,0.0,0.0,0.9,0.0,0
syn02,0.1.0,HIGH,MALICIOUS,1.0,1,0,0,0.0,0.0,0.6,0.0,0
syn03,0.1.0,CRITICAL,MALICIOUS,1.0,4,2,5,0.0,0.0,0.6,0.0,0
serdes,0.1.0,LOW,MALICIOUS,0.0,0,0,0,0.0,0.0,0.833,0.0,0
ssyn,0.1.0,HIGH,MALICIOUS,1.0,0,2,0,0.0,0.0,0.75,0.0,0
cclap,0.1.0,CRITICAL,MALICIOUS,1.0,1,2,5,0.0,0.0,0.8,0.0,0
reqwest02,0.1.0,LOW,MALICIOUS,0.0,0,0,0,0.0,0.0,0.778,0.0,0
anyhwo,0.1.0,LOW,MALICIOUS,0.0,0,0,0,0.0,0.0,0.667,0.0,0
thserror,0.1.0,CRITICAL,MALICIOUS,1.0,0,0,3,0.0,0.0,0.889,0.0,0
byytes,0.1.0,CRITICAL,MALICIOUS,1.0,1,2,3,0.0,0.0,0.833,0.0,0
reqwest1,0.1.0,HIGH,MALICIOUS,0.0,0,0,0,0.0,0.0,0.875,0.0,0
logs,0.1.0,CRITICAL,MALICIOUS,1.0,5,2,5,0.0,0.0,0.8,0.0,0
croossbeam,0.1.0,CRITICAL,MALICIOUS,1.0,1,2,0,0.0,0.0,0.9,0.0,0
hper,0.1.0,LOW,MALICIOUS,0.0,0,0,0,0.0,0.0,0.8,0.0,0
parking_lots,0.1.0,HIGH,MALICIOUS,0.0,0,0,0,0.0,0.0,0.917,0.0,0
crono,0.1.0,CRITICAL,MALICIOUS,1.0,0,2,4,0.0,0.0,0.833,0.0,0
logs2,0.1.0,MEDIUM,MALICIOUS,1.0,0,0,5,0.0,0.0,0.6,0.0,0
arnd,0.1.0,MEDIUM,MALICIOUS,1.0,0,0,3,0.0,0.0,0.5,0.0,0
tokios2,0.1.0,CRITICAL,MALICIOUS,1.0,0,2,3,0.0,0.0,0.714,0.0,0
thierror,0.1.0,CRITICAL,MALICIOUS,1.0,0,2,0,4.0,142.86,0.889,1.0,0
randd,0.1.0,CRITICAL,MALICIOUS,1.0,1,0,0,4.0,142.86,0.8,1.0,0
uuid1,0.1.0,CRITICAL,MALICIOUS,1.0,1,0,0,2.0,142.86,0.8,2.0,0
sqlx0,0.1.0,CRITICAL,MALICIOUS,1.0,1,0,0,6.0,142.86,0.8,1.0,0
paring_lot,0.1.0,CRITICAL,MALICIOUS,1.0,1,0,4,5.0,104.17,0.909,1.0,0
serde1,0.1.0,HIGH,MALICIOUS,1.0,0,2,0,4.0,142.86,0.833,1.0,0
clpa2,0.1.0,CRITICAL,MALICIOUS,1.0,1,2,0,5.0,142.86,0.6,2.0,0
async-trait2,0.1.0,CRITICAL,MALICIOUS,1.0,1,2,0,6.0,109.09,0.917,1.0,0
once_cell0,0.1.0,CRITICAL,MALICIOUS,1.0,1,2,0,4.0,97.56,0.9,2.0,0
yhper,0.1.0,HIGH,MALICIOUS,1.0,0,0,3,6.0,142.86,0.6,1.0,0
qote,0.1.0,CRITICAL,MALICIOUS,1.0,1,0,5,3.0,142.86,0.8,2.0,0
randd2,0.1.0,CRITICAL,MALICIOUS,1.0,0,2,4,6.0,109.09,0.667,1.0,0
tokios3,0.1.0,CRITICAL,MALICIOUS,1.0,1,2,0,5.0,142.86,0.714,1.0,0
rands,0.1.0,CRITICAL,MALICIOUS,1.0,1,2,3,4.0,142.86,0.8,2.0,0
hyer,0.1.0,HIGH,MALICIOUS,1.0,0,0,4,2.0,142.86,0.8,1.0,0
thiserror2,0.1.0,CRITICAL,MALICIOUS,1.0,1,0,0,6.0,142.86,0.9,2.0,0
calp,0.1.0,CRITICAL,MALICIOUS,1.0,1,2,5,6.0,109.09,0.5,1.0,0
chrrono,0.1.0,CRITICAL,MALICIOUS,1.0,1,2,5,6.0,142.86,0.857,1.0,0
num_traits,0.1.0,CRITICAL,MALICIOUS,1.0,1,2,3,5.0,104.17,0.0,2.0,0
nnum-traits,0.1.0,CRITICAL,MALICIOUS,1.0,1,0,0,3.0,142.86,0.909,2.0,0
crosssbeam,0.1.0,CRITICAL,MALICIOUS,1.0,1,0,0,4.0,97.56,0.9,1.0,0
clap2,0.1.0,CRITICAL,MALICIOUS,1.0,0,2,3,3.0,142.86,0.8,1.0,0
nayhow,0.1.0,CRITICAL,MALICIOUS,1.0,1,2,5,2.0,142.86,0.667,1.0,0
regex02,0.1.0,CRITICAL,MALICIOUS,1.0,1,2,5,3.0,88.24,0.714,2.0,0
thiserrors,0.1.0,CRITICAL,MALICIOUS,1.0,1,0,5,6.0,142.86,0.9,2.0,0
tracing1,0.1.0,CRITICAL,MALICIOUS,1.0,1,0,0,4.0,97.56,0.875,2.0,0
iteertools,0.1.0,CRITICAL,MALICIOUS,1.0,4,2,5,6.0,142.86,0.9,1.0,0
once_cells2,0.1.0,HIGH,MALICIOUS,1.0,0,0,5,3.0,142.86,0.818,1.0,0
quoe,0.1.0,HIGH,MALICIOUS,1.0,0,2,5,2.0,142.86,0.8,2.0,0
uuid2,0.1.0,CRITICAL,MALICIOUS,1.0,0,2,5,3.0,142.86,0.8,1.0,0
urls,0.1.0,CRITICAL,MALICIOUS,1.0,1,2,5,3.0,142.86,0.75,1.0,0
qoute,0.1.0,CRITICAL,MALICIOUS,1.0,1,2,3,4.0,97.56,0.6,1.0,0
rayyon,0.1.0,CRITICAL,MALICIOUS,1.0,1,0,5,6.0,142.86,0.833,1.0,0
diesels,0.1.0,CRITICAL,MALICIOUS,1.0,5,0,5,6.0,109.09,0.0,2.0,0
tracign,0.1.0,CRITICAL,MALICIOUS,1.0,1,2,0,3.0,88.24,0.714,1.0,0
itertools1,0.1.0,CRITICAL,MALICIOUS,1.0,1,2,5,6.0,109.09,0.9,1.0,0
async_trait,0.1.0,CRITICAL,MALICIOUS,1.0,1,0,0,2.0,74.07,0.0,2.0,0
oncecell,0.1.0,CRITICAL,MALICIOUS,1.0,1,0,0,4.0,142.86,0.889,2.0,0
unm-traits,0.1.0,CRITICAL,MALICIOUS,1.0,1,0,5,4.0,142.86,0.8,2.0,0
hypers2,0.1.0,CRITICAL,MALICIOUS,1.0,4,0,5,3.0,142.86,0.714,1.0,0
