id,ecosystem,flag,package,malicious_versions,discovered_date,attack_category,technical_mechanism,registry_status_reported,registry_status_verified,source
110,Go,X-ECO,github.com/shopsprint/decimal,v1.3.3 (published Aug 2023),2023-08-01,typosquat + DNS-based backdoor,init()-injected backdoor using DNS TXT records for C2,proxy cache status unconfirmed; GitHub repo deleted,not verifiable from this environment (network restricted for RubyGems/Go/Maven) - see registry_status_reported,Socket; cyberpress
111,Go,X-ECO,github.com/boltdb-go/bolt,v1.3.1 (published Nov 2021),2025-02-04,typosquat + proxy-cache persistence + RCE backdoor,Go Module Proxy cached backdoored version; RCE and C2 beacon; persisted 3+ years,removed from Go proxy and GitHub,not verifiable from this environment (network restricted for RubyGems/Go/Maven) - see registry_status_reported,Socket Feb 2025; The Register
112,Go,X-ECO,github.com/qiniiu/qmgo,Jun 2025,2025-06-01,typosquat + MongoDB driver impersonation + persistent backdoor,fake MongoDB driver with remote administration capabilities,removed from proxy,not verifiable from this environment (network restricted for RubyGems/Go/Maven) - see registry_status_reported,GitLab detection blog 2025-06-30
113,Go,X-ECO,github.com/qiiniu/qmgo,Jun 2025,2025-06-05,typosquat re-publish after takedown,identical malicious code republished four days after first takedown,removed from proxy,not verifiable from this environment (network restricted for RubyGems/Go/Maven) - see registry_status_reported,GitLab detection blog 2025-06-30
114,Go,X-ECO,GOAST campaign modules,many across 12.3M index entries,2026-06-01,attacker-repackaged modules + import-triggered downloader,obfuscated code for import-triggered downloader; found via AST scan of Go module index,~99.4% remained retrievable via Go proxy until post-disclosure remediation,not verifiable from this environment (network restricted for RubyGems/Go/Maven) - see registry_status_reported,arXiv 2606.26291 Beyond Takedown
115,Maven,X-ECO,com.github.codingandcoding,3.9.0; 1.16; 1.17; 3.2.0,2021-01-07,brandjacking + backdoor,brandjacking supply-chain attack under legit-adjacent namespace,removed from Central by Sonatype,not verifiable from this environment (network restricted for RubyGems/Go/Maven) - see registry_status_reported,Sonatype blog Jan 2021
116,Maven,X-ECO,io.github.xz-java:xz-java,>=1.9 (published May 2024),2024-05-12,typosquat of XZ for Java + obfuscated RCE backdoor,receives and executes arbitrary shell commands via embedded backdoor,removed from Maven Central Dec 2024; still listed on MVNRepository,not verifiable from this environment (network restricted for RubyGems/Go/Maven) - see registry_status_reported,Socket writeup Dec 2024
117,Maven,X-ECO,io.github.leetcrunch:scribejava-core,8.3.5,2025-03-01,time-triggered OAuth credential theft,obfuscated OAuth-harvesting code triggers only on the 15th of each month,unconfirmed,not verifiable from this environment (network restricted for RubyGems/Go/Maven) - see registry_status_reported,Socket Tick Tock report Mar 2025
118,Maven,X-ECO,org.mvnpm:posthog-node,4.18.1,2025-11-25,cross-registry worm propagation,same setup_bun.js payload as npm wave; auto-mirrored from compromised npm package,purged from Maven Central Nov 25 2025,not verifiable from this environment (network restricted for RubyGems/Go/Maven) - see registry_status_reported,Socket; The Hacker News
119,Maven,X-ECO,org.fasterxml.jackson.core:jackson-databind,Dec 2025 publish,2025-12-29,namespace-prefix-swap typosquat + trojan downloader,multi-stage payload delivering platform-specific Cobalt Strike executables,removed within 1.5 hours of report,not verifiable from this environment (network restricted for RubyGems/Go/Maven) - see registry_status_reported,Aikido; Socket
84,PyPI,X-ECO,ctx,0.2.4,2022-06-14,compromised maintainer (social-engineered takeover),postinstall CGI script exfiltrated AWS keys and environment variables to attacker DNS,removed (yanked),VERIFIED: deleted/removed (404 from PyPI API),PyPI incident report; GHSA
85,PyPI,X-ECO,W4SP Stealer family,many Aug 2022 onward,2022-08-01,typosquat cluster + credential stealer,injected into legit-looking libs; stole browser cookies/passwords/Discord tokens/crypto wallets,mostly removed; thousands of variants tracked,unconfirmed (HTTP None),ReversingLabs colourama campaign writeups
86,PyPI,X-ECO,torchtriton,0.1.0,2022-12-30,dependency confusion (nightly extra-index-url),malicious wheel published for nightly-only package name; exfiltrated basic host data,deleted; name blocked on PyPI,VERIFIED: deleted/removed (404 from PyPI API),PyTorch official disclosure; GHSA-8hpj-pmqr-r2fm
89,PyPI,X-ECO,VMConnect,various,2023-10-01,typosquat cluster + remote code loader,imitated VMware vSphere connector; executed code from attacker-controlled URL on install,removed from PyPI,VERIFIED: deleted/removed (404 from PyPI API),Sonatype PaperPin campaign report
90,PyPI,X-ECO,solana-py,uploads 2024,2024-01-01,typosquat of solana-py + crypto wallet theft,ideal typosquat of Solana Python SDK; stole crypto wallet material,removed,VERIFIED: deleted/removed (404 from PyPI API),Sonatype SSCR 2024
88,PyPI,X-ECO,aiocpa,0.1.13; 0.1.14,2024-11-21,compromised legitimate package + crypto key exfiltration,obfuscated blob overrode CryptoPay constructor on import; exfiltrated tokens/private keys to Telegram bot,all versions removed from PyPI,VERIFIED: deleted/removed (404 from PyPI API),Phylum; ReversingLabs; PyPI blog 2024-11-25
87,PyPI,X-ECO,ultralytics,8.3.41; 8.3.42,2024-12-01,poisoned build pipeline + cryptominer,malicious GitHub Actions run published trojanized releases; launched XMRig cryptominer,removed,VERIFIED: package live on PyPI (810 releases),Socket; Ultralytics GHSA
91,PyPI,X-ECO,solana-stealer-wave,uploads May 4-24 2025,2025-06-01,crypto secret theft,steals Python source files and Solana key material; exfiltrates to external server,removed,VERIFIED: deleted/removed (404 from PyPI API),The Hacker News roundup 2025-06-04
92,PyPI,X-ECO,telnyx,4.87.1; 4.87.2,2026-03-27,compromised publish pipeline + audio-steganography stager,audioimport() extracted payload from audio steganography; in-memory harvester,quarantined by PyPI (still listed),VERIFIED: package live on PyPI (256 releases),Socket TeamPCP report; Aikido
93,PyPI,X-ECO,lightning,2.6.2; 2.6.3,2026-04-30,compromised package + import-time downloader,hidden obfuscated JS launched via daemon thread on import; stole tokens/env/cloud secrets,removed,VERIFIED: package live on PyPI (171 releases),Socket
94,PyPI,X-ECO,ensmallen,0.8.101,2026-06-23,Bun-runtime JS stealer via .pth startup,part of Hades campaign wheel set,unconfirmed,VERIFIED: package live on PyPI (120 releases),Orca Security Hades report
95,PyPI,X-ECO,mflux-streamlit,0.0.3; 0.0.4,2026-06-23,Bun-runtime JS stealer via .pth startup,part of Hades campaign wheel set,unconfirmed,VERIFIED: package live on PyPI (2 releases),Orca Security Hades report
96,PyPI,X-ECO,nhmpy,2.4.7,2026-06-23,Bun-runtime JS stealer via .pth startup,part of Hades campaign wheel set,unconfirmed,VERIFIED: deleted/removed (404 from PyPI API),Orca Security Hades report
97,PyPI,X-ECO,ppkt2synergy,0.1.1,2026-06-23,Bun-runtime JS stealer via .pth startup,part of Hades campaign wheel set,unconfirmed,VERIFIED: package live on PyPI (2 releases),Orca Security Hades report
98,PyPI,X-ECO,embiggen,0.11.97,2026-06-23,Bun-runtime JS stealer via .pth startup,part of Hades campaign wheel set,unconfirmed,VERIFIED: package live on PyPI (116 releases),Orca Security Hades report
99,PyPI,X-ECO,gpsea,0.9.14,2026-06-23,Bun-runtime JS stealer via .pth startup,part of Hades campaign wheel set,unconfirmed,VERIFIED: package live on PyPI (23 releases),Orca Security Hades report
100,PyPI,X-ECO,pyphetools,0.9.120,2026-06-23,Bun-runtime JS stealer via .pth startup,part of Hades campaign wheel set,unconfirmed,VERIFIED: package live on PyPI (201 releases),Orca Security Hades report
101,RubyGems,X-ECO,bootstrap-sass,3.2.0.3,2019-03-26,compromised registry publish + RCE backdoor,hidden backdoor in middleware.rb; crafted cookie value executed via eval(),removed from RubyGems; fixed in 3.2.0.4,not verifiable from this environment (network restricted for RubyGems/Go/Maven) - see registry_status_reported,CVE-2019-10842; Snyk
103,RubyGems,X-ECO,doge-coin replicated wave,multiple Aug 2019,2019-08-01,replicated-library backdoor + cryptomining,full copies of legit libraries with injected coin-mining/exfil code,removed,not verifiable from this environment (network restricted for RubyGems/Go/Maven) - see registry_status_reported,ZDNet Aug 2019
102,RubyGems,X-ECO,rest-client,1.6.10; 1.6.11; 1.6.12; 1.6.13,2019-08-19,compromised maintainer account + backdoor + cryptominer,backdoor activated when Rails.env starts with p; exfiltrated env vars/cookies,yanked; fixed in 1.6.14,not verifiable from this environment (network restricted for RubyGems/Go/Maven) - see registry_status_reported,CVE-2019-15224; GHSA-333g-rpr4-7hxq
104,RubyGems,X-ECO,tmt,multiple versions,2023-02-01,time-triggered backdoor + credential theft,delayed-activation logic; exfiltrates credentials after time trigger,removed,not verifiable from this environment (network restricted for RubyGems/Go/Maven) - see registry_status_reported,Socket RubyGems time-based attack report 2023
105,RubyGems,X-ECO,zon (60-gem cluster),published Mar 2023-Aug 2025,2025-08-07,imposter automation tools + credential theft,gems delivered real automation while exfiltrating credentials to attacker infra,removed,not verifiable from this environment (network restricted for RubyGems/Go/Maven) - see registry_status_reported,Socket 60-gem campaign report
106,RubyGems,X-ECO,GemStuffer,ongoing 2026,2026-05-13,registry-as-exfil-channel,uses gem push to publish stolen data as public gem versions,unconfirmed,not verifiable from this environment (network restricted for RubyGems/Go/Maven) - see registry_status_reported,Socket GemStuffer report
107,RubyGems,X-ECO,git_credential_manager,2.8.3,2026-07-01,persistent backdoor,setuid ping6 backdoor; systemd/cron persistence; C2 at git.disroot.org,unconfirmed - verify before fetch,not verifiable from this environment (network restricted for RubyGems/Go/Maven) - see registry_status_reported,StepSecurity SleeperGem report 2026-07
108,RubyGems,X-ECO,Dendreo,multiple,2026-07-01,persistent backdoor,drop of setuid ping6 rootkit binary plus persistence mechanisms,unconfirmed,not verifiable from this environment (network restricted for RubyGems/Go/Maven) - see registry_status_reported,StepSecurity SleeperGem report 2026-07
109,RubyGems,X-ECO,fastlane-plugin-run_tests_firebase_testlab,multiple,2026-07-01,persistent backdoor,drop of setuid ping6 rootkit binary plus persistence mechanisms,unconfirmed,not verifiable from this environment (network restricted for RubyGems/Go/Maven) - see registry_status_reported,StepSecurity SleeperGem report 2026-07
RUSTSEC-2022-0042,crates.io,RUST,rustdecimal,see advisory,2022-05-10,code-execution; malicious, -- # malicious crate `rustdecimal` The Rust Security Response WG and the crates.io team [were notified][1] on 2022-05-02 of the existence of the malicious crate `rustdecimal`; which contained malware. The crate name was intentionally similar to the name of the popular [`rust_decimal`][2] crate; hoping ,see advisory,VERIFIED: deleted (404 from crates.io API),RustSec RUSTSEC-2022-0042
RUSTSEC-2023-0098,crates.io,RUST,if-cfg,see advisory,2023-08-16,malicious, -- # `if-cfg` was removed from crates.io for malicious code This crate was part of a typosquatting malware cluster published by the malicious user `amaperf` and contained a malware payload in build.rs to exfiltrate host information to the attacker. This advisory is to retrospectively document this atte,see advisory,VERIFIED: deleted (404 from crates.io API),RustSec RUSTSEC-2023-0098
RUSTSEC-2023-0100,crates.io,RUST,xrvrv,see advisory,2023-08-16,malicious, -- # `xrvrv` was removed from crates.io for malicious code This crate was part of a typosquatting malware cluster published by the malicious user `amaperf` and contained a malware payload in build.rs to exfiltrate host information to the attacker. This advisory is to retrospectively document this attem,see advisory,VERIFIED: deleted (404 from crates.io API),RustSec RUSTSEC-2023-0100
RUSTSEC-2023-0099,crates.io,RUST,envlogger,see advisory,2023-08-16,malicious, -- # `envlogger` was removed from crates.io for malicious code This crate was part of a typosquatting malware cluster published by the malicious user `amaperf` and contained a malware payload in build.rs to exfiltrate host information to the attacker. This advisory is to retrospectively document this a,see advisory,VERIFIED: deleted (404 from crates.io API),RustSec RUSTSEC-2023-0099
RUSTSEC-2023-0103,crates.io,RUST,postgress,see advisory,2023-08-16,malicious, -- # `postgress` was removed from crates.io for malicious code This crate was part of a typosquatting malware cluster published by the malicious user `amaperf` and contained a malware payload in build.rs to exfiltrate host information to the attacker. This advisory is to retrospectively document this a,see advisory,VERIFIED: deleted (404 from crates.io API),RustSec RUSTSEC-2023-0103
RUSTSEC-2023-0102,crates.io,RUST,serd,see advisory,2023-08-16,malicious, -- # `serd` was removed from crates.io for malicious code This crate was part of a typosquatting malware cluster published by the malicious user `amaperf` and contained a malware payload in build.rs to exfiltrate host information to the attacker. This advisory is to retrospectively document this attemp,see advisory,VERIFIED: deleted (404 from crates.io API),RustSec RUSTSEC-2023-0102
RUSTSEC-2023-0097,crates.io,RUST,lazystatic,see advisory,2023-08-16,malicious, -- # `lazystatic` was removed from crates.io for malicious code This crate was part of a typosquatting malware cluster published by the malicious user `amaperf` and contained a malware payload in build.rs to exfiltrate host information to the attacker. This advisory is to retrospectively document this ,see advisory,VERIFIED: deleted (404 from crates.io API),RustSec RUSTSEC-2023-0097
RUSTSEC-2023-0101,crates.io,RUST,oncecell,see advisory,2023-08-16,malicious, -- # `oncecell` was removed from crates.io for malicious code This crate was part of a typosquatting malware cluster published by the malicious user `amaperf` and contained a malware payload in build.rs to exfiltrate host information to the attacker. This advisory is to retrospectively document this at,see advisory,VERIFIED: deleted (404 from crates.io API),RustSec RUSTSEC-2023-0101
RUSTSEC-2023-0110,crates.io,RUST,postgresderive,see advisory,2023-08-18,malicious, -- # `postgresderive` was removed from crates.io for malicious code This crate was part of a typosquatting malware cluster published by the malicious user `amaperf` and contained a malware payload in `build.rs` to exfiltrate host information to the attacker. This advisory is to retrospectively document,see advisory,VERIFIED: deleted (404 from crates.io API),RustSec RUSTSEC-2023-0110
RUSTSEC-2023-0114,crates.io,RUST,tiny-server,see advisory,2023-11-06,malicious, -- # `tiny-server` was removed from crates.io for malicious code This crate was part of a typosquatting malware cluster published by the malicious user `http-tiny` and contained a malware payload in `build.rs` to exfiltrate host information to the attacker. This advisory is to retrospectively document ,see advisory,VERIFIED: deleted (404 from crates.io API),RustSec RUSTSEC-2023-0114
RUSTSEC-2023-0104,crates.io,RUST,littest,see advisory,2023-11-06,malicious, -- # `littest` was removed from crates.io for malicious code This crate was part of a typosquatting malware cluster published by the malicious user `http-tiny` and contained a malware payload in `build.rs` to exfiltrate host information to the attacker. This advisory is to retrospectively document this,see advisory,VERIFIED: deleted (404 from crates.io API),RustSec RUSTSEC-2023-0104
RUSTSEC-2023-0109,crates.io,RUST,win-crypto,see advisory,2023-11-15,malicious, -- # `win-crypto` was removed from crates.io for malicious code This crate was part of a typosquatting malware cluster published by the user `Kraded` to run an arbitrary malware payload on Windows hosts. This advisory is to retrospectively document this attempted attack. The version information and dow,see advisory,VERIFIED: deleted (404 from crates.io API),RustSec RUSTSEC-2023-0109
RUSTSEC-2023-0112,crates.io,RUST,monero-rpc-rs,see advisory,2023-11-15,malicious, -- # `monero-rpc-rs` was removed from crates.io for malicious code This crate was part of a typosquatting malware cluster published by the user `Kraded` to run an arbitrary malware payload on Windows hosts. This advisory is to retrospectively document this attempted attack. The version information and ,see advisory,VERIFIED: deleted (404 from crates.io API),RustSec RUSTSEC-2023-0112
RUSTSEC-2023-0116,crates.io,RUST,registry-win,see advisory,2023-11-15,malicious, -- # `registry-win` was removed from crates.io for malicious code This crate was part of a typosquatting malware cluster published by the user `Kraded` to run an arbitrary malware payload on Windows hosts. This advisory is to retrospectively document this attempted attack. The version information and d,see advisory,VERIFIED: deleted (404 from crates.io API),RustSec RUSTSEC-2023-0116
RUSTSEC-2023-0118,crates.io,RUST,win_run_rs,see advisory,2023-11-15,malicious, -- # `win_run_rs` was removed from crates.io for malicious code This crate was part of a typosquatting malware cluster published by the user `Kraded` to run an arbitrary malware payload on Windows hosts. This advisory is to retrospectively document this attempted attack. The version information and dow,see advisory,VERIFIED: deleted (404 from crates.io API),RustSec RUSTSEC-2023-0118
RUSTSEC-2023-0106,crates.io,RUST,lfest-main,see advisory,2023-11-15,malicious, -- # `lfest-main` was removed from crates.io for malicious code This crate was part of a typosquatting malware cluster published by the user `Kraded` to run an arbitrary malware payload on Windows hosts. This advisory is to retrospectively document this attempted attack. The version information and dow,see advisory,VERIFIED: deleted (404 from crates.io API),RustSec RUSTSEC-2023-0106
RUSTSEC-2023-0113,crates.io,RUST,win-base64-rs,see advisory,2023-11-15,malicious, -- # `win-base64-rs` was removed from crates.io for malicious code This crate was part of a typosquatting malware cluster published by the user `Kraded` to run an arbitrary malware payload on Windows hosts. This advisory is to retrospectively document this attempted attack. The version information and ,see advisory,VERIFIED: deleted (404 from crates.io API),RustSec RUSTSEC-2023-0113
RUSTSEC-2023-0121,crates.io,RUST,libusb1-main,see advisory,2023-11-15,malicious, -- # `libusb1-main` was removed from crates.io for malicious code This crate was part of a typosquatting malware cluster published by the user `Kraded` to run an arbitrary malware payload on Windows hosts. This advisory is to retrospectively document this attempted attack. The version information and d,see advisory,VERIFIED: deleted (404 from crates.io API),RustSec RUSTSEC-2023-0121
RUSTSEC-2023-0120,crates.io,RUST,windows-service-rs,see advisory,2023-11-15,malicious, -- # `windows-service-rs` was removed from crates.io for malicious code This crate was part of a typosquatting malware cluster published by the user `Kraded` to run an arbitrary malware payload on Windows hosts. This advisory is to retrospectively document this attempted attack. The version information,see advisory,VERIFIED: deleted (404 from crates.io API),RustSec RUSTSEC-2023-0120
RUSTSEC-2023-0107,crates.io,RUST,lasso-rs,see advisory,2023-11-15,malicious, -- # `lasso-rs` was removed from crates.io for malicious code This crate was part of a typosquatting malware cluster published by the user `Kraded` to run an arbitrary malware payload on Windows hosts. This advisory is to retrospectively document this attempted attack. The version information and downl,see advisory,VERIFIED: deleted (404 from crates.io API),RustSec RUSTSEC-2023-0107
RUSTSEC-2023-0111,crates.io,RUST,monero-api,see advisory,2023-11-15,malicious, -- # `monero-api` was removed from crates.io for malicious code This crate was part of a typosquatting malware cluster published by the user `Kraded` to run an arbitrary malware payload on Windows hosts. This advisory is to retrospectively document this attempted attack. The version information and dow,see advisory,VERIFIED: deleted (404 from crates.io API),RustSec RUSTSEC-2023-0111
RUSTSEC-2023-0122,crates.io,RUST,winx-rs,see advisory,2023-11-15,malicious, -- # `winx-rs` was removed from crates.io for malicious code This crate was part of a typosquatting malware cluster published by the user `Kraded` to run an arbitrary malware payload on Windows hosts. This advisory is to retrospectively document this attempted attack. The version information and downlo,see advisory,VERIFIED: deleted (404 from crates.io API),RustSec RUSTSEC-2023-0122
RUSTSEC-2023-0115,crates.io,RUST,acceptxmr-rs,see advisory,2023-11-15,malicious, -- # `acceptxmr-rs` was removed from crates.io for malicious code This crate was part of a typosquatting malware cluster published by the user `Kraded` to run an arbitrary malware payload on Windows hosts. This advisory is to retrospectively document this attempted attack. The version information and d,see advisory,VERIFIED: deleted (404 from crates.io API),RustSec RUSTSEC-2023-0115
RUSTSEC-2023-0123,crates.io,RUST,hann-rs-service,see advisory,2023-11-18,malicious, -- # `hann-rs-service` was removed from crates.io for malicious code This crate was part of a typosquatting malware cluster published by the user `TerryDavisSoldier` to run an arbitrary malware payload on Windows hosts. This advisory is to retrospectively document this attempted attack. The version inf,see advisory,VERIFIED: deleted (404 from crates.io API),RustSec RUSTSEC-2023-0123
RUSTSEC-2023-0119,crates.io,RUST,openvpn-plugin-rs,see advisory,2023-11-18,malicious, -- # `openvpn-plugin-rs` was removed from crates.io for malicious code This crate was part of a typosquatting malware cluster published by the user `TerryDavisSoldier` to run an arbitrary malware payload on Windows hosts. This advisory is to retrospectively document this attempted attack. The version i,see advisory,VERIFIED: deleted (404 from crates.io API),RustSec RUSTSEC-2023-0119
RUSTSEC-2023-0105,crates.io,RUST,windowsservice,see advisory,2023-11-18,malicious, -- # `windowsservice` was removed from crates.io for malicious code This crate was part of a typosquatting malware cluster published by the user `TerryDavisSoldier` to run an arbitrary malware payload on Windows hosts. This advisory is to retrospectively document this attempted attack. The version info,see advisory,VERIFIED: deleted (404 from crates.io API),RustSec RUSTSEC-2023-0105
RUSTSEC-2023-0108,crates.io,RUST,tauri-win-rt-notification,see advisory,2023-11-20,malicious, -- # `tauri-win-rt-notification` was removed from crates.io for malicious code This crate was part of a typosquatting malware cluster published by the user `gabielle55131` to run an arbitrary malware payload on Windows hosts. This advisory is to retrospectively document this attempted attack. The versi,see advisory,VERIFIED: deleted (404 from crates.io API),RustSec RUSTSEC-2023-0108
RUSTSEC-2023-0117,crates.io,RUST,tauri-winrt-notifications,see advisory,2023-11-20,malicious, -- # `tauri-winrt-notifications` was removed from crates.io for malicious code This crate was part of a typosquatting malware cluster published by the user `gabielle55131` to run an arbitrary malware payload on Windows hosts. This advisory is to retrospectively document this attempted attack. The versi,see advisory,VERIFIED: deleted (404 from crates.io API),RustSec RUSTSEC-2023-0117
RUSTSEC-2023-0124,crates.io,RUST,bit-flags,see advisory,2023-12-22,malicious, -- # `bit-flags` was removed from crates.io for malicious code This crate was part of a typosquatting malware cluster published by the user `alexrichton` to run an arbitrary malware payload on Windows hosts. This advisory is to retrospectively document this attempted attack. The version information and,see advisory,"VERIFIED: crate live on crates.io (3 versions, 0 yanked)",RustSec RUSTSEC-2023-0124
RUSTSEC-2025-0158,crates.io,RUST,jfrog_quotes,see advisory,2025-01-30,malicious, -- # `jfrog_quotes` was removed from crates.io for malicious code `jfrog_quotes` was part of a campaign that attempted to exfiltrate environmental data from the host. The malicious crate had 1 version published in January 2025; and had no evidence of actual usage. This crate had no dependencies on crat,see advisory,VERIFIED: deleted (404 from crates.io API),RustSec RUSTSEC-2025-0158
RUSTSEC-2025-0160,crates.io,RUST,custom-req-on-workers,see advisory,2025-01-30,malicious, -- # `custom-req-on-workers` was removed from crates.io for malicious code `custom-req-on-workers` was part of a campaign that attempted to exfiltrate environmental data from the host. The malicious crate had 1 version published in January 2025; and had no evidence of actual usage. This crate had no de,see advisory,VERIFIED: deleted (404 from crates.io API),RustSec RUSTSEC-2025-0160
RUSTSEC-2025-0155,crates.io,RUST,rands,see advisory,2025-02-10,malicious, -- # `rands` was removed from crates.io for malicious code This crate attempted to typosquat the `rand` crate; and would link in a malware payload on macOS and Linux hosts when built. This advisory is to retrospectively document this attempted attack. The version information and download records of the,see advisory,VERIFIED: deleted (404 from crates.io API),RustSec RUSTSEC-2025-0155
RUSTSEC-2025-0159,crates.io,RUST,sophosfirewall-python,see advisory,2025-02-15,malicious, -- # `sophosfirewall-python` was removed from crates.io for malicious code `sophosfirewall-python` was part of a campaign that attempted to exfiltrate environmental data from the host. The malicious crate had 6 versions published in February 2025; and had no evidence of actual usage. This crate had no ,see advisory,VERIFIED: deleted (404 from crates.io API),RustSec RUSTSEC-2025-0159
RUSTSEC-2025-0156,crates.io,RUST,tree-sitter-pkl,see advisory,2025-03-10,malicious, -- # `tree-sitter-pkl` was removed from crates.io for malicious code `tree-sitter-pkl` was part of a campaign that attempted to exfiltrate environmental data from the host. The malicious crate had 1 version published in March 2025; and had no evidence of actual usage. This crate had no dependencies on ,see advisory,VERIFIED: deleted (404 from crates.io API),RustSec RUSTSEC-2025-0156
RUSTSEC-2025-0157,crates.io,RUST,statsrelay-protobuf,see advisory,2025-08-26,malicious, -- # `statsrelay-protobuf` was removed from crates.io for malicious code `statsrelay-protobuf` was part of a campaign that attempted to exfiltrate environmental data from the host. The malicious crate had 1 version published in August 2025; and had no evidence of actual usage. This crate had no depende,see advisory,VERIFIED: deleted (404 from crates.io API),RustSec RUSTSEC-2025-0157
RUSTSEC-2025-0154,crates.io,RUST,replit_ruspty,see advisory,2025-11-04,malicious, -- # `replit_ruspty` was removed from crates.io for malicious code The OpenSSF Package Analysis project identified 'replit_ruspty' @ 1.0.0 (crates.io) as malicious. Version 2.0.0 was also published with malware. It is considered malicious because: The package communicates with a domain associated with ,see advisory,VERIFIED: deleted (404 from crates.io API),RustSec RUSTSEC-2025-0154
RUSTSEC-2025-0145,crates.io,RUST,uniswap-utils,see advisory,2025-12-03,malicious, -- # `uniswap-utils` was removed from crates.io for malicious code It depended on the `evm-units` crate; which appeared to be attempting to steal cryptocurrency.,see advisory,VERIFIED: deleted (404 from crates.io API),RustSec RUSTSEC-2025-0145
RUSTSEC-2025-0147,crates.io,RUST,evm-units,see advisory,2025-12-03,malicious, -- # `evm-units` was removed from crates.io for malicious code It appeared to be attempting to steal cryptocurrency.,see advisory,VERIFIED: deleted (404 from crates.io API),RustSec RUSTSEC-2025-0147
RUSTSEC-2025-0146,crates.io,RUST,sha-rust,see advisory,2025-12-05,malicious, -- # `sha-rust` was removed from crates.io for malicious code It appeared to be attempting to steal credentials from local files.,see advisory,VERIFIED: deleted (404 from crates.io API),RustSec RUSTSEC-2025-0146
RUSTSEC-2025-0148,crates.io,RUST,finch-rust,see advisory,2025-12-05,malicious, -- # `finch-rust` was removed from crates.io for malicious code It depended on the `sha-rust` crate; which appeared to be attempting to steal credentials from local files.,see advisory,VERIFIED: deleted (404 from crates.io API),RustSec RUSTSEC-2025-0148
RUSTSEC-2025-0152,crates.io,RUST,finch_cli_rust,see advisory,2025-12-09,malicious, -- # `finch_cli_rust` was removed from crates.io for malicious code This attempts to typosquat the existing crate [`finch_cli`](https://crates.io/crates/finch_cli) to steal credentials from local files. The malicious crate had 1 version published on 2025-12-08 and had been downloaded 18 times. There we,see advisory,VERIFIED: deleted (404 from crates.io API),RustSec RUSTSEC-2025-0152
RUSTSEC-2025-0150,crates.io,RUST,finch-rst,see advisory,2025-12-09,malicious, -- # `finch-rst` was removed from crates.io for malicious code This attempts to typosquat the existing crate [`finch`](https://crates.io/crates/finch) to steal credentials from local files. The malicious crate had 1 version published on 2025-12-08 and had been downloaded 21 times. There were no crates ,see advisory,VERIFIED: deleted (404 from crates.io API),RustSec RUSTSEC-2025-0150
RUSTSEC-2025-0151,crates.io,RUST,sha-rst,see advisory,2025-12-09,malicious, -- # `sha-rst` was removed from crates.io for malicious code This crate was used as a dependency by `finch_cli_rust` and `finch-rst` and contained a malware payload to exfiltrate credentials. The malicious crate had 1 version published on 2025-12-08 and had been downloaded 22 times. Other than the othe,see advisory,VERIFIED: deleted (404 from crates.io API),RustSec RUSTSEC-2025-0151
RUSTSEC-2026-0010,crates.io,RUST,polymarket-clients-sdk,see advisory,2026-02-06,malicious, -- # `polymarket-clients-sdk` was removed from crates.io for malicious code It appeared to be typosquatting existing crate [`polymarket-client-sdk`](https://crates.io/crates/polymarket-client-sdk) (`clients` vs `client`) and attempting to steal credentials from local files. The malicious crate had 6 ve,see advisory,VERIFIED: deleted (404 from crates.io API),RustSec RUSTSEC-2026-0010
RUSTSEC-2026-0011,crates.io,RUST,polymarket-client-sdks,see advisory,2026-02-13,malicious, -- # `polymarket-client-sdks` was removed from crates.io for malicious code It appeared to be typosquatting existing crate [`polymarket-client-sdk`](https://crates.io/crates/polymarket-client-sdk) (`sdks` vs `sdk`) and attempting to steal credentials from local files. The malicious crate had 1 version ,see advisory,VERIFIED: deleted (404 from crates.io API),RustSec RUSTSEC-2026-0011
RUSTSEC-2026-0014,crates.io,RUST,rpc-check,see advisory,2026-02-19,malicious, -- # `rpc-check` was removed from crates.io for malicious code It was attempting to steal credentials from the `POLYMARKET_PRIVATE_KEY` environment variable. The malicious crate had 3 versions published on 2026-02-15 and had been downloaded only 155 times. There were no crates depending on this crate o,see advisory,VERIFIED: deleted (404 from crates.io API),RustSec RUSTSEC-2026-0014
RUSTSEC-2026-0015,crates.io,RUST,polymarkets-client-sdk,see advisory,2026-02-19,malicious, -- # `polymarkets-client-sdk` was removed from crates.io for malicious code It appeared to be typosquatting existing crate [`polymarket-client-sdk`](https://crates.io/crates/polymarket-client-sdk) (`polymarkets` vs `polymarket`) and attempting to steal credentials from local files. The malicious crate ,see advisory,VERIFIED: deleted (404 from crates.io API),RustSec RUSTSEC-2026-0015
RUSTSEC-2026-0017,crates.io,RUST,clob-sdk,see advisory,2026-02-20,malicious, -- # `clob-sdk` was removed from crates.io for malicious code This is part of an ongoing campaign to attempt to typosquat crates in the [`polymarket-client-sdk`](https://crates.io/crates/polymarket-client-sdk) ecosystem to exfiltrate user credentials. The malicious crate had 1 version published on 2026,see advisory,VERIFIED: deleted (404 from crates.io API),RustSec RUSTSEC-2026-0017
RUSTSEC-2026-0016,crates.io,RUST,polymarkets-rs-clob-client,see advisory,2026-02-20,malicious, -- # `polymarkets-rs-clob-client` was removed from crates.io for malicious code This is part of an ongoing campaign to attempt to typosquat crates in the [`polymarket-client-sdk`](https://crates.io/crates/polymarket-client-sdk) ecosystem to exfiltrate user credentials. The malicious crate had 1 version,see advisory,VERIFIED: deleted (404 from crates.io API),RustSec RUSTSEC-2026-0016
RUSTSEC-2026-0019,crates.io,RUST,tracing-check,see advisory,2026-02-24,malicious, -- # `tracing-check` was removed from crates.io for malicious code This is part of an ongoing campaign to attempt to typosquat crates in the [`polymarket-client-sdk`](https://crates.io/crates/polymarket-client-sdk) ecosystem to exfiltrate user credentials. The malicious crate had 1 version published on,see advisory,VERIFIED: deleted (404 from crates.io API),RustSec RUSTSEC-2026-0019
RUSTSEC-2026-0018,crates.io,RUST,rpc-check,see advisory,2026-02-24,malicious, -- # `rpc-check` was removed from crates.io for malicious code This is part of an ongoing campaign to attempt to typosquat crates in the [`polymarket-client-sdk`](https://crates.io/crates/polymarket-client-sdk) ecosystem to exfiltrate user credentials. The malicious crate had 6 versions published from ,see advisory,VERIFIED: deleted (404 from crates.io API),RustSec RUSTSEC-2026-0018
RUSTSEC-2026-0028,crates.io,RUST,tracing_checks,see advisory,2026-02-26,malicious, -- # `tracing_checks` was removed from crates.io for transitively including malicious code This is part of an ongoing campaign to attempt to typosquat crates in an attempt to exfiltrate Polymarket credentials. The malicious crate had 1 version published on 2026-02-26 approximately 9 hours before remova,see advisory,VERIFIED: deleted (404 from crates.io API),RustSec RUSTSEC-2026-0028
RUSTSEC-2026-0027,crates.io,RUST,tracings,see advisory,2026-02-26,malicious, -- # `tracings` was removed from crates.io for malicious code This is part of an ongoing campaign to attempt to typosquat crates in an attempt to exfiltrate Polymarket credentials. The malicious crate had 1 version published on 2026-02-26 approximately 9 hours before removal and had no evidence of actu,see advisory,VERIFIED: deleted (404 from crates.io API),RustSec RUSTSEC-2026-0027
RUSTSEC-2026-0030,crates.io,RUST,time_calibrator,see advisory,2026-03-03,malicious, -- # `time_calibrator` was removed from crates.io due to malicious code It was reported `time_calibrator` contained malicious code; that would try to upload `.env` files to a server. The malicious crate had only 1 version published at 2026-02-28 and no evidence of actual usage. The crate was removed fr,see advisory,VERIFIED: deleted (404 from crates.io API),RustSec RUSTSEC-2026-0030
RUSTSEC-2026-0031,crates.io,RUST,time_calibrators,see advisory,2026-03-03,malicious, -- # `time_calibrators` was removed from crates.io due to malicious code The `time_calibrators` crate attempted to exfiltrate `.env` files to a server that was in turn impersonating the legitimate `timeapi.io` service. The malicious crate had 1 version published on 2026-03-03 approximately 3 hours befo,see advisory,VERIFIED: deleted (404 from crates.io API),RustSec RUSTSEC-2026-0031
RUSTSEC-2026-0036,crates.io,RUST,time-sync,see advisory,2026-03-04,malicious, -- # `time-sync` was removed from crates.io due to malicious code The `time-sync` crate attempted to exfiltrate `.env` files to a server that was in turn impersonating the legitimate `timeapi.io` service. This the same attack that we've seen three times in the last few days. The malicious crate had 1 v,see advisory,VERIFIED: deleted (404 from crates.io API),RustSec RUSTSEC-2026-0036
RUSTSEC-2026-0032,crates.io,RUST,dnp3times,see advisory,2026-03-04,malicious, -- # `dnp3times` was removed from crates.io due to malicious code The `dnp3times` crate attempted to exfiltrate `.env` files to a server that was in turn impersonating the legitimate `timeapi.io` service. It was loosely trying to typosquat the `dnp3time` crate; but otherwise was the same attack as the ,see advisory,VERIFIED: deleted (404 from crates.io API),RustSec RUSTSEC-2026-0032
RUSTSEC-2026-0039,crates.io,RUST,chrono_anchor,see advisory,2026-03-10,malicious, -- # `chrono_anchor` was removed from crates.io due to malicious code The `chrono_anchor` crate attempted to exfiltrate `.env` files to a server that was in turn impersonating the legitimate `timeapi.io` service. The malicious crate had 1 version published on 2026-03-04 approximately 6 days before remo,see advisory,VERIFIED: deleted (404 from crates.io API),RustSec RUSTSEC-2026-0039
RUSTSEC-2026-0040,crates.io,RUST,tracing-ethers,see advisory,2026-03-14,malicious, -- # `tracing-ethers` was removed from crates.io due to malicious code The `tracing-ethers` crate attempted to exfiltrate ssh keys to an app hosted on `vercel.app` The malicious crate had 9 version published on 2026-03-09 approximately 5 days before removal and had no evidence of actual downloads. Ther,see advisory,VERIFIED: deleted (404 from crates.io API),RustSec RUSTSEC-2026-0040
RUSTSEC-2026-0081,crates.io,RUST,logtrace,see advisory,2026-04-05,malicious, -- # `logtrace` was removed from crates.io for malicious code `logtrace` appeared to be downloading a RAT. The malicious crate had 2 versions published on 2026-04-01 that had a total of 30 downloads. There were no crates depending on this crate on crates.io. Thanks to [Socket.dev](https://socket.dev/) ,see advisory,VERIFIED: deleted (404 from crates.io API),RustSec RUSTSEC-2026-0081
RUSTSEC-2026-0102,crates.io,RUST,microsoftsystem64,see advisory,2026-04-13,malicious, -- # `microsoftsystem64` was removed from crates.io for malicious code `microsoftsystem64` installs a hardcoded SSH authorized_keys entry (persistence/backdoor) and scans for sensitive files (.env; credential-like JSON names; keyword-matching docs); reads their contents; base64-encodes where needed; an,see advisory,VERIFIED: deleted (404 from crates.io API),RustSec RUSTSEC-2026-0102
RUSTSEC-2026-0101,crates.io,RUST,safe-agent-rs,see advisory,2026-04-13,malicious, -- # `safe-agent-rs` was removed from crates.io for being affiliated with malicious code While `safe-agent-rs` did not directly contain malicious code; it was owned by the same user as `pretty-changelog-logger` and `microsoftsystem64`. `safe-agent-rs` also appeared to be imitating a different websocket,see advisory,VERIFIED: deleted (404 from crates.io API),RustSec RUSTSEC-2026-0101
RUSTSEC-2026-0100,crates.io,RUST,pretty-changelog-logger,see advisory,2026-04-13,malicious, -- # `pretty-changelog-logger` was removed from crates.io for malicious code `pretty-changelog-logger` contains a build script (build.rs) that acts as a loader/dropper for malicious payloads. The malicious crate had 3 versions published on 2026-04-08 that had a total of 2239 downloads. There were no cr,see advisory,VERIFIED: deleted (404 from crates.io API),RustSec RUSTSEC-2026-0100
RUSTSEC-2026-0107,crates.io,RUST,mysten-metrics,see advisory,2026-04-22,malicious, -- # `mysten-metrics` was removed from crates.io for malicious code `mysten-metrics` included a build script that attempted to exfiltrate data from the build machine. The malicious crate had 1 version published on 2026-04-20 and had no evidence of actual usage. This crate had no dependencies on crates.,see advisory,VERIFIED: deleted (404 from crates.io API),RustSec RUSTSEC-2026-0107
RUSTSEC-2026-0108,crates.io,RUST,sui-execution-cut,see advisory,2026-04-23,malicious, -- # `sui-execution-cut` was removed from crates.io for malicious code `sui-execution-cut` included a build script that attempted to exfiltrate data from the build machine. The malicious crate had 1 version published on 2026-04-20 and had no evidence of actual usage. This crate had no dependencies on c,see advisory,VERIFIED: deleted (404 from crates.io API),RustSec RUSTSEC-2026-0108
RUSTSEC-2026-0155,crates.io,RUST,exploration,see advisory,2026-06-02,malicious, -- # `exploration` was removed from crates.io for malicious code A method within the `exploration` crate attempted to download and execute a payload from a remote site. The malicious crate had 1 version published on 2026-06-02; approximately 1 hour before removal; and had no evidence of actual usage. T,see advisory,VERIFIED: deleted (404 from crates.io API),RustSec RUSTSEC-2026-0155
RUSTSEC-2026-0171,crates.io,RUST,logflux,see advisory,2026-06-03,malicious, -- # `logflux` was removed from crates.io for malicious code The `logflux` crate attempted to download and run a malicious payload on the user's machine. The malicious crate had 1 version published on 2026-04-26; approximately 1 month before removal; and had no evidence of actual usage. This crate had ,see advisory,VERIFIED: deleted (404 from crates.io API),RustSec RUSTSEC-2026-0171
RUSTSEC-2026-0175,crates.io,RUST,onering,< 1.4.1; > 1.4.1,2026-06-10,malicious, -- # `onering` 1.4.1 was removed from crates.io for malicious code A new version of the `onering` crate was published with code that attempted to exfiltrate both metadata and code from the project it was included within. One malicious version was published on 2026-06-10; approximately six hours before ,see advisory,"VERIFIED: crate live on crates.io (8 versions, 0 yanked)",RustSec RUSTSEC-2026-0175
RUSTSEC-2026-0266,crates.io,RUST,internment,<= 0.8.6,2026-08-20,malicious, -- # `internment` 0.8.7 was removed from crates.io due to a malicious dependency A new version of the `internment` crate was published with a direct dependency on `proc-macro1`; which would execute a malicious build script. The compromised version of this crate was published on 2026-08-20; and was remo,see advisory,"VERIFIED: crate live on crates.io (41 versions, 0 yanked)",RustSec RUSTSEC-2026-0266
RUSTSEC-2026-0260,crates.io,RUST,arrayref,<= 0.3.9,2026-08-20,malicious, -- # `arrayref` 0.3.10 was removed from crates.io due to a malicious dependency A new version of the `arrayref` crate was published with a direct dependency on `proc-macro1`; which would execute a malicious build script. This compromised version was published on 2026-08-20 and removed approximately 86 ,see advisory,"VERIFIED: crate live on crates.io (15 versions, 0 yanked)",RustSec RUSTSEC-2026-0260
RUSTSEC-2026-0265,crates.io,RUST,proc-macro1,see advisory,2026-08-20,malicious, -- # `proc-macro1` was removed from crates.io due to malicious code It was reported `proc-macro1` contained a build script that would download a malicious payload. This crate had two versions; both published on 2026-08-20. The crate was removed from crates.io and related user accounts were locked. This,see advisory,VERIFIED: deleted (404 from crates.io API),RustSec RUSTSEC-2026-0265
RUSTSEC-2026-0262,crates.io,RUST,append-only-vec,<= 0.1.8,2026-08-20,malicious, -- # `append-only-vec` 0.1.9 was removed from crates.io due to a malicious dependency A new version of the `append-only-vec` crate was published with a direct dependency on `proc-macro1`; which would execute a malicious build script. The compromised version of this crate was published on 2026-08-20; an,see advisory,"VERIFIED: crate live on crates.io (9 versions, 0 yanked)",RustSec RUSTSEC-2026-0262
RUSTSEC-2026-0264,crates.io,RUST,proc-macro-en,see advisory,2026-08-20,malicious, -- # `proc-macro-en` was removed from crates.io due to malicious code We identified that `proc-macro-en` contained the same build script as `proc-macro1` and it was part of the same supply chain attack. This crate had one single version published at 2026-08-20. The crate was removed from crates.io and ,see advisory,VERIFIED: deleted (404 from crates.io API),RustSec RUSTSEC-2026-0264
58,npm,X-ECO,crossenv,0.0.7-0.0.14,2017-08-01,typosquat of cross-env + credential theft,postinstall/preinstall scripts POSTed npm tokens/credentials to C2,deleted,VERIFIED: package live on npm (4 versions on registry),Sonatype; Ohm et al. DIMVA 2020
59,npm,X-ECO,templates-framework,200+ packages May-Jun 2018,2018-06-01,account-takeover mass publishing + backdoor,compromised ~200 short-named packages; added getcookies dependency executing remote JS,deleted,VERIFIED: deleted/unpublished (404 from npm registry),GitHub/npm incident reports; Backstabber's Knife Collection
60,npm,X-ECO,eslint-scope,3.7.2 and 4.0.0,2018-07-01,compromised maintainer account,postinstall sent .npmrc auth tokens and user info to pastebin,removed,VERIFIED: package live on npm (30 versions on registry),GitHub issue; npm advisory
61,npm,X-ECO,event-stream,3.3.6,2018-11-01,compromised maintainer + targeted backdoor,obfuscated flatmap-stream dep decoded AES payload activating only in Copay wallet build; harvested wallet keys,yanked but still downloadable with exact-version pins,VERIFIED: package live on npm (84 versions on registry),GHSA; ZeroPersistence
62,npm,X-ECO,flatmap-stream,0.1.1,2018-11-01,compromised maintainer + targeted backdoor,same as event-stream row,yanked but still downloadable with exact-version pins,VERIFIED: package live on npm (1 versions on registry),GHSA; ZeroPersistence
63,npm,X-ECO,ua-parser-js,0.7.29; 0.8.0; 1.0.0,2021-10-22,compromised maintainer account + cryptominer + credential stealer,downloaded jsextension miner and jdic credential-stealing library,malicious versions removed,VERIFIED: package live on npm (94 versions on registry),GHSA; Mandiant; Microsoft
68,npm,X-ECO,coa,2.0.3; 2.0.4; 2.1.1; 2.1.3; 3.1.3,2021-11-04,compromised maintainer + Windows info-stealer,malicious updates downloaded and executed DANABOT DLL on Windows hosts,malicious versions removed,VERIFIED: package live on npm (29 versions on registry),Mandiant Dec 2021
69,npm,X-ECO,rc,1.2.9; 1.3.9; 2.3.9,2021-11-04,compromised maintainer + Windows info-stealer,same DANABOT DLL delivery chain as coa compromise,malicious versions removed,VERIFIED: package live on npm (48 versions on registry),Mandiant Dec 2021
64,npm,X-ECO,colors.js,1.4.1,2022-01-09,maintainer sabotage / protestware,infinite loop deliberately introduced; broke thousands of dependent builds,still on npm (not removed),VERIFIED: package live on npm (1 versions on registry),maintainer commit; Snyk
65,npm,X-ECO,faker.js,6.6.6,2022-01-09,maintainer sabotage / protestware,all faker implementations replaced with throw/loop code,still on npm (not removed),VERIFIED: package live on npm (1 versions on registry),maintainer commit; Snyk
66,npm,X-ECO,node-ipc,11.0.2; 10.1.1; 9.2.2,2022-03-01,protestware + destructive payload,ransomware-style destructive payload targeting RU/BY-IP hosts,malicious versions removed,VERIFIED: package live on npm (76 versions on registry),CVE-2022-23812; Snyk
67,npm,X-ECO,peacenotwar,1.1.3,2022-03-01,protestware,overwrote file contents with heart emoji on RU/BY systems,still on npm (verify),VERIFIED: package live on npm (7 versions on registry),Snyk; GHSA
70,npm,X-ECO,@ledgerhq/connect-kit,1.1.5; 1.1.6; 1.1.7,2023-12-14,compromised maintainer + crypto drainer,malicious versions injected wallet drainer via rogue WalletConnect project; ~$610k lost,malicious versions removed from npm; cached copies persisted on jsDelivr CDN,VERIFIED: package live on npm (41 versions on registry),Socket; Ledger incident report
71,npm,X-ECO,@lottiefiles/lottie-player,2.0.5; 2.0.6; 2.0.7,2024-10-01,compromised npm access token + crypto drainer,compromised access token used to publish trojanized versions delivering wallet drainer,malicious versions removed,VERIFIED: package live on npm (59 versions on registry),Socket Oct 2024
72,npm,X-ECO,@solana/web3.js,1.95.6; 1.95.7,2024-12-02,compromised maintainer + crypto secret theft,backdoored versions harvested wallet addresses and private keys,malicious versions removed,VERIFIED: package live on npm (1970 versions on registry),npm advisory; The Hacker News
73,npm,X-ECO,eslint-config-prettier,8.10.1; 10.1.6; 10.1.7,2025-07-01,compromised maintainer account + token theft,malicious postinstall scripts exfiltrated npm tokens,malicious versions yanked/removed,VERIFIED: package live on npm (85 versions on registry),community disclosure; GHSA
74,npm,X-ECO,eslint-plugin-prettier,4.2.2,2025-07-01,compromised maintainer account + token theft,malicious postinstall scripts exfiltrated npm tokens,malicious versions yanked/removed,VERIFIED: package live on npm (59 versions on registry),community disclosure; GHSA
82,npm,X-ECO,vite-meta-plugin,Jun-Jul 2025 uploads,2025-07-15,typosquat + postinstall loader + host profiling,XORIndex loader via postinstall; multi-endpoint C2 rotation,mixed; verify per package,VERIFIED: package live on npm (1 versions on registry),Socket XORIndex report Jul 2025
83,npm,X-ECO,eth-auditlog,Jun-Jul 2025 uploads,2025-07-15,typosquat + postinstall loader + host profiling,second stage BeaverTail via eth-auditlog eval,mixed; verify per package,VERIFIED: package live on npm (1 versions on registry),Socket XORIndex report Jul 2025
75,npm,X-ECO,nx,100+ malicious versions,2025-08-26,compromised publish credentials + GitHub token exfiltration,malicious versions ran TruffleHog via postinstall; exposed 2180 repos,malicious versions removed,VERIFIED: package live on npm (2652 versions on registry),Socket; Nx disclosure Aug 2025
76,npm,X-ECO,@ctrl/tinycolor,4.1.1; 4.1.2,2025-09-15,credential-harvesting self-replicating worm (postinstall),bundle.js postinstall ran TruffleHog; exfil to webhook.site; self-republished (Shai-Hulud wave 1),most compromised versions removed; mixed status,VERIFIED: package live on npm (49 versions on registry),Socket; Sysdig; CISA alert 2025-09-23
80,npm,X-ECO,express (typosquat: epxresso),Jul-Oct 2025,2025-10-10,typosquat cluster + BeaverTail infostealer,North Korean Lazarus Contagious Interview campaign typosquat of express,mixed; verify per package,VERIFIED: package live on npm (288 versions on registry),Socket 338-package report Oct 2025
81,npm,X-ECO,dotenv (typosquat: dotevn),Jul-Oct 2025,2025-10-10,typosquat cluster + BeaverTail infostealer,typosquat of dotenv delivering HexEval loader,mixed; verify per package,VERIFIED: package live on npm (104 versions on registry),Socket 338-package report Oct 2025
77,npm,X-ECO,posthog-node,4.18.1,2025-11-24,second-wave worm + cross-registry spread,setup_bun.js stole npm/PyPI/Maven/GitHub tokens; auto-republished trojanized versions (Shai-Hulud v2),npm versions removed,VERIFIED: package live on npm (320 versions on registry),Socket; The Hacker News
78,npm,X-ECO,mastra,republished versions Jun 17 2026,2026-06-17,stale-permission scope takeover + typosquat dep,hijacked account republished @mastra scope with injected easy-day-js delivering RAT + crypto stealer,removed; publish access revoked,VERIFIED: package live on npm (1556 versions on registry),Microsoft MSTIC blog 2026-06-17
79,npm,X-ECO,easy-day-js,Jun 17 2026,2026-06-17,typosquat of dayjs + postinstall payload,injected dependency delivering RAT + crypto stealer as part of Mastra scope takeover,removed,VERIFIED: package live on npm (1 versions on registry),Microsoft MSTIC blog 2026-06-17
